rubro,producto,precio_indec,cantidad_ae,kcal_100g,prot_100g,carb_100g,grasas_100g,fecha,timestamp,precio_unitario_estimado,coincidencias,dispersion_std,metodo_calculo,kcal_diarias_ae,prot_diarias_g,carb_diarios_g,grasas_diarias_g,costo_mensual_ae,costo_hogar_tipo
Panadería,Pan francés,4500.0,6.75,265,9.0,55.0,1.2,2026-09-26,2026-09-26 19:43:43,4500.0,0,0.0,Proxy (Referencia INDEC),596.25,20.25,123.75000000000001,2.7,30375.0,93858.75
Panadería,Galletitas de agua,6800.0,0.42,420,9.5,68.0,12.0,2026-09-26,2026-09-26 19:43:43,6800.0,0,0.0,Proxy (Referencia INDEC),58.800000000000004,1.33,9.520000000000001,1.68,2856.0,8825.039999999999
Panadería,Galletitas dulces,7500.0,0.21,450,6.5,72.0,15.0,2026-09-26,2026-09-26 19:43:43,7500.0,0,0.0,Proxy (Referencia INDEC),31.5,0.455,5.04,1.05,1575.0,4866.75
Almacén,Arroz blanco,3800.0,1.2,354,7.0,78.0,0.6,2026-09-26,2026-09-26 19:43:43,1597.69,1,0.0,Mediana directa,141.6,2.8000000000000003,31.200000000000003,0.24,1917.228,5924.23452
Almacén,Harina de trigo 000,2200.0,1.08,340,10.0,72.0,1.2,2026-09-26,2026-09-26 19:43:43,873.16,1,0.0,Mediana directa,122.39999999999999,3.6,25.919999999999998,0.432,943.0128000000001,2913.909552
Almacén,Otras harinas (maíz / Polenta),2800.0,0.21,350,8.0,76.0,1.0,2026-09-26,2026-09-26 19:43:43,2800.0,0,0.0,Proxy (Referencia INDEC),24.5,0.56,5.32,0.07,588.0,1816.9199999999998
Almacén,Fideos secos,3800.0,1.74,355,12.0,73.0,1.5,2026-09-26,2026-09-26 19:43:43,1913.14,1,0.0,Mediana directa,205.89999999999998,6.96,42.339999999999996,0.87,3328.8636,10286.188524
Frutas y Verduras,Papa blanca,1800.0,6.51,80,2.0,18.0,0.1,2026-09-26,2026-09-26 19:43:43,1800.0,0,0.0,Proxy (Referencia INDEC),173.60000000000002,4.34,39.059999999999995,0.217,11718.0,36208.619999999995
Frutas y Verduras,Batata,2500.0,0.51,86,1.6,20.0,0.1,2026-09-26,2026-09-26 19:43:43,2500.0,0,0.0,Proxy (Referencia INDEC),14.62,0.272,3.4000000000000004,0.017,1275.0,3939.75
Frutas y Verduras,"Hortalizas (cebolla, tomate, zanahoria, zapallo, etc.)",2200.0,5.73,30,1.2,6.0,0.2,2026-09-26,2026-09-26 19:43:43,2200.0,0,0.0,Proxy (Referencia INDEC),57.3,2.2920000000000003,11.459999999999999,0.382,12606.000000000002,38952.54
Frutas y Verduras,"Frutas (manzana, naranja, banana, pera)",2800.0,4.95,52,0.5,13.5,0.2,2026-09-26,2026-09-26 19:43:43,2800.0,0,0.0,Proxy (Referencia INDEC),85.8,0.8250000000000001,22.275000000000002,0.33,13860.0,42827.4
Almacén,Azúcar,2000.0,1.23,387,0.0,100.0,0.0,2026-09-26,2026-09-26 19:43:43,993.75,1,0.0,Mediana directa,158.67000000000002,0.0,41.0,0.0,1222.3125,3776.945625
Almacén,"Dulces (dulce de leche, mermelada, batata)",6500.0,0.33,315,4.0,60.0,5.0,2026-09-26,2026-09-26 19:43:43,2864.82,1,0.0,Mediana directa,34.65,0.44,6.6,0.55,945.3906000000001,2921.256954
Almacén,"Legumbres secas (lentejas, arvejas)",4200.0,0.24,340,24.0,60.0,1.0,2026-09-26,2026-09-26 19:43:43,1681.9,1,0.0,Mediana directa,27.2,1.92,4.8,0.08,403.656,1247.29704
Carnes,"Carnes (asado, picada, paleta, nalga, pollo, pescado)",13500.0,6.27,210,19.0,0.0,14.0,2026-09-26,2026-09-26 19:43:43,13500.0,0,0.0,Proxy (Referencia INDEC),438.90000000000003,39.71,0.0,29.26,84645.0,261553.05
Carnes,Menudencias (hígado),5500.0,0.27,135,20.0,3.8,4.0,2026-09-26,2026-09-26 19:43:43,5500.0,0,0.0,Proxy (Referencia INDEC),12.15,1.8,0.34199999999999997,0.36,1485.0,4588.65
Carnes,"Fiambres (paleta cocida, salame)",15000.0,0.06,300,16.0,2.0,25.0,2026-09-26,2026-09-26 19:43:43,15000.0,0,0.0,Proxy (Referencia INDEC),6.0,0.32,0.04,0.5,900.0,2781.0
Lácteos y Huevos,Huevos (docena),6000.0,0.6,150,12.5,0.7,10.0,2026-09-26,2026-09-26 19:43:43,6000.0,0,0.0,Proxy (Referencia INDEC),30.0,2.5,0.13999999999999999,2.0,3600.0,11124.0
Lácteos y Huevos,Leche entera,2400.0,9.27,60,3.1,4.7,3.0,2026-09-26,2026-09-26 19:43:43,2400.0,0,0.0,Proxy (Referencia INDEC),185.4,9.579,14.523,9.27,22248.0,68746.31999999999
Lácteos y Huevos,"Queso (cremoso, cuartirolo, de rallar)",16000.0,0.33,320,20.0,1.5,26.0,2026-09-26,2026-09-26 19:43:43,16000.0,0,0.0,Proxy (Referencia INDEC),35.2,2.2,0.16499999999999998,2.8600000000000003,5280.0,16315.199999999999
Lácteos y Huevos,Yogur,3800.0,0.57,65,3.2,9.0,2.5,2026-09-26,2026-09-26 19:43:43,3800.0,0,0.0,Proxy (Referencia INDEC),12.35,0.608,1.71,0.47500000000000003,2166.0,6692.94
Lácteos y Huevos,Manteca,16000.0,0.06,717,0.9,0.1,81.0,2026-09-26,2026-09-26 19:43:43,16000.0,0,0.0,Proxy (Referencia INDEC),14.34,0.018000000000000002,0.002,1.62,960.0,2966.3999999999996
Almacén,Aceite de girasol,4800.0,1.2,884,0.0,0.0,100.0,2026-09-26,2026-09-26 19:43:43,4800.0,0,0.0,Proxy (Referencia INDEC),353.6,0.0,0.0,40.0,5760.0,17798.399999999998
Bebidas,"Bebidas no alcohólicas (gaseosas, jugos, soda)",3200.0,3.45,35,0.0,9.0,0.0,2026-09-26,2026-09-26 19:43:43,1402.48,1,0.0,Mediana directa,40.25,0.0,10.35,0.0,4838.5560000000005,14951.138040000002
Bebidas,"Bebidas alcohólicas (cerveza, vino)",4500.0,1.08,60,0.3,3.0,0.0,2026-09-26,2026-09-26 19:43:43,4293.075000000001,2,116.93499999999995,Mediana directa,21.599999999999998,0.108,1.08,0.0,4636.521000000001,14326.849890000001
Almacén,Sal fina,1500.0,0.12,0,0.0,0.0,0.0,2026-09-26,2026-09-26 19:43:43,1624.904,1,0.0,Mediana directa,0.0,0.0,0.0,0.0,194.98847999999998,602.5144032
Almacén,"Condimentos (mayonesa, caldos)",7500.0,0.12,350,1.0,10.0,35.0,2026-09-26,2026-09-26 19:43:43,7500.0,0,0.0,Proxy (Referencia INDEC),14.0,0.04,0.4,1.4,900.0,2781.0
Almacén,Vinagre,2200.0,0.06,18,0.0,0.1,0.0,2026-09-26,2026-09-26 19:43:43,3171.7,2,1954.9499999999998,Mediana directa,0.36,0.0,0.002,0.0,190.302,588.0331799999999
Almacén,Café,32000.0,0.03,200,14.0,40.0,0.2,2026-09-26,2026-09-26 19:43:43,32000.0,0,0.0,Proxy (Referencia INDEC),2.0,0.14,0.4,0.002,960.0,2966.3999999999996
Almacén,Yerba mate,6500.0,0.51,30,1.0,6.0,0.0,2026-09-26,2026-09-26 19:43:43,6500.0,0,0.0,Proxy (Referencia INDEC),5.1,0.17,1.02,0.0,3315.0,10243.35
Panadería,Pan francés,4500.0,6.75,265,9.0,55.0,1.2,2026-09-27,2026-09-27 13:58:41,4500.0,0,0.0,Proxy (Referencia INDEC),596.25,20.25,123.75000000000001,2.7,30375.0,93858.75
Panadería,Galletitas de agua,6800.0,0.42,420,9.5,68.0,12.0,2026-09-27,2026-09-27 13:58:41,6800.0,0,0.0,Proxy (Referencia INDEC),58.800000000000004,1.33,9.520000000000001,1.68,2856.0,8825.039999999999
Panadería,Galletitas dulces,7500.0,0.21,450,6.5,72.0,15.0,2026-09-27,2026-09-27 13:58:41,7500.0,0,0.0,Proxy (Referencia INDEC),31.5,0.455,5.04,1.05,1575.0,4866.75
Almacén,Arroz blanco,3800.0,1.2,354,7.0,78.0,0.6,2026-09-27,2026-09-27 13:58:41,1597.69,1,0.0,Mediana directa,141.6,2.8000000000000003,31.200000000000003,0.24,1917.228,5924.23452
Almacén,Harina de trigo 000,2200.0,1.08,340,10.0,72.0,1.2,2026-09-27,2026-09-27 13:58:41,873.16,1,0.0,Mediana directa,122.39999999999999,3.6,25.919999999999998,0.432,943.0128000000001,2913.909552
Almacén,Otras harinas (maíz / Polenta),2800.0,0.21,350,8.0,76.0,1.0,2026-09-27,2026-09-27 13:58:41,2800.0,0,0.0,Proxy (Referencia INDEC),24.5,0.56,5.32,0.07,588.0,1816.9199999999998
Almacén,Fideos secos,3800.0,1.74,355,12.0,73.0,1.5,2026-09-27,2026-09-27 13:58:41,1913.14,1,0.0,Mediana directa,205.89999999999998,6.96,42.339999999999996,0.87,3328.8636,10286.188524
Frutas y Verduras,Papa blanca,1800.0,6.51,80,2.0,18.0,0.1,2026-09-27,2026-09-27 13:58:41,1800.0,0,0.0,Proxy (Referencia INDEC),173.60000000000002,4.34,39.059999999999995,0.217,11718.0,36208.619999999995
Frutas y Verduras,Batata,2500.0,0.51,86,1.6,20.0,0.1,2026-09-27,2026-09-27 13:58:41,2500.0,0,0.0,Proxy (Referencia INDEC),14.62,0.272,3.4000000000000004,0.017,1275.0,3939.75
Frutas y Verduras,"Hortalizas (cebolla, tomate, zanahoria, zapallo, etc.)",2200.0,5.73,30,1.2,6.0,0.2,2026-09-27,2026-09-27 13:58:41,2200.0,0,0.0,Proxy (Referencia INDEC),57.3,2.2920000000000003,11.459999999999999,0.382,12606.000000000002,38952.54
Frutas y Verduras,"Frutas (manzana, naranja, banana, pera)",2800.0,4.95,52,0.5,13.5,0.2,2026-09-27,2026-09-27 13:58:41,2800.0,0,0.0,Proxy (Referencia INDEC),85.8,0.8250000000000001,22.275000000000002,0.33,13860.0,42827.4
Almacén,Azúcar,2000.0,1.23,387,0.0,100.0,0.0,2026-09-27,2026-09-27 13:58:41,993.75,1,0.0,Mediana directa,158.67000000000002,0.0,41.0,0.0,1222.3125,3776.945625
Almacén,"Dulces (dulce de leche, mermelada, batata)",6500.0,0.33,315,4.0,60.0,5.0,2026-09-27,2026-09-27 13:58:41,2864.82,1,0.0,Mediana directa,34.65,0.44,6.6,0.55,945.3906000000001,2921.256954
Almacén,"Legumbres secas (lentejas, arvejas)",4200.0,0.24,340,24.0,60.0,1.0,2026-09-27,2026-09-27 13:58:41,1681.9,1,0.0,Mediana directa,27.2,1.92,4.8,0.08,403.656,1247.29704
Carnes,"Carnes (asado, picada, paleta, nalga, pollo, pescado)",13500.0,6.27,210,19.0,0.0,14.0,2026-09-27,2026-09-27 13:58:41,13500.0,0,0.0,Proxy (Referencia INDEC),438.90000000000003,39.71,0.0,29.26,84645.0,261553.05
Carnes,Menudencias (hígado),5500.0,0.27,135,20.0,3.8,4.0,2026-09-27,2026-09-27 13:58:41,5500.0,0,0.0,Proxy (Referencia INDEC),12.15,1.8,0.34199999999999997,0.36,1485.0,4588.65
Carnes,"Fiambres (paleta cocida, salame)",15000.0,0.06,300,16.0,2.0,25.0,2026-09-27,2026-09-27 13:58:41,15000.0,0,0.0,Proxy (Referencia INDEC),6.0,0.32,0.04,0.5,900.0,2781.0
Lácteos y Huevos,Huevos (docena),6000.0,0.6,150,12.5,0.7,10.0,2026-09-27,2026-09-27 13:58:41,6000.0,0,0.0,Proxy (Referencia INDEC),30.0,2.5,0.13999999999999999,2.0,3600.0,11124.0
Lácteos y Huevos,Leche entera,2400.0,9.27,60,3.1,4.7,3.0,2026-09-27,2026-09-27 13:58:41,2400.0,0,0.0,Proxy (Referencia INDEC),185.4,9.579,14.523,9.27,22248.0,68746.31999999999
Lácteos y Huevos,"Queso (cremoso, cuartirolo, de rallar)",16000.0,0.33,320,20.0,1.5,26.0,2026-09-27,2026-09-27 13:58:41,16000.0,0,0.0,Proxy (Referencia INDEC),35.2,2.2,0.16499999999999998,2.8600000000000003,5280.0,16315.199999999999
Lácteos y Huevos,Yogur,3800.0,0.57,65,3.2,9.0,2.5,2026-09-27,2026-09-27 13:58:41,3800.0,0,0.0,Proxy (Referencia INDEC),12.35,0.608,1.71,0.47500000000000003,2166.0,6692.94
Lácteos y Huevos,Manteca,16000.0,0.06,717,0.9,0.1,81.0,2026-09-27,2026-09-27 13:58:41,16000.0,0,0.0,Proxy (Referencia INDEC),14.34,0.018000000000000002,0.002,1.62,960.0,2966.3999999999996
Almacén,Aceite de girasol,4800.0,1.2,884,0.0,0.0,100.0,2026-09-27,2026-09-27 13:58:41,4800.0,0,0.0,Proxy (Referencia INDEC),353.6,0.0,0.0,40.0,5760.0,17798.399999999998
Bebidas,"Bebidas no alcohólicas (gaseosas, jugos, soda)",3200.0,3.45,35,0.0,9.0,0.0,2026-09-27,2026-09-27 13:58:41,1402.48,1,0.0,Mediana directa,40.25,0.0,10.35,0.0,4838.5560000000005,14951.138040000002
Bebidas,"Bebidas alcohólicas (cerveza, vino)",4500.0,1.08,60,0.3,3.0,0.0,2026-09-27,2026-09-27 13:58:41,4293.075000000001,2,116.93499999999995,Mediana directa,21.599999999999998,0.108,1.08,0.0,4636.521000000001,14326.849890000001
Almacén,Sal fina,1500.0,0.12,0,0.0,0.0,0.0,2026-09-27,2026-09-27 13:58:41,1624.904,1,0.0,Mediana directa,0.0,0.0,0.0,0.0,194.98847999999998,602.5144032
Almacén,"Condimentos (mayonesa, caldos)",7500.0,0.12,350,1.0,10.0,35.0,2026-09-27,2026-09-27 13:58:41,7500.0,0,0.0,Proxy (Referencia INDEC),14.0,0.04,0.4,1.4,900.0,2781.0
Almacén,Vinagre,2200.0,0.06,18,0.0,0.1,0.0,2026-09-27,2026-09-27 13:58:41,3171.7,2,1954.9499999999998,Mediana directa,0.36,0.0,0.002,0.0,190.302,588.0331799999999
Almacén,Café,32000.0,0.03,200,14.0,40.0,0.2,2026-09-27,2026-09-27 13:58:41,32000.0,0,0.0,Proxy (Referencia INDEC),2.0,0.14,0.4,0.002,960.0,2966.3999999999996
Almacén,Yerba mate,6500.0,0.51,30,1.0,6.0,0.0,2026-09-27,2026-09-27 13:58:41,6500.0,0,0.0,Proxy (Referencia INDEC),5.1,0.17,1.02,0.0,3315.0,10243.35
Panadería,Pan francés,4500.0,6.75,265,9.0,55.0,1.2,2026-09-27,2026-09-27 20:08:18,4500.0,0,0.0,Proxy (Referencia INDEC),596.25,20.25,123.75000000000001,2.7,30375.0,93858.75
Panadería,Galletitas de agua,6800.0,0.42,420,9.5,68.0,12.0,2026-09-27,2026-09-27 20:08:18,6800.0,0,0.0,Proxy (Referencia INDEC),58.800000000000004,1.33,9.520000000000001,1.68,2856.0,8825.039999999999
Panadería,Galletitas dulces,7500.0,0.21,450,6.5,72.0,15.0,2026-09-27,2026-09-27 20:08:18,7500.0,0,0.0,Proxy (Referencia INDEC),31.5,0.455,5.04,1.05,1575.0,4866.75
Almacén,Arroz blanco,3800.0,1.2,354,7.0,78.0,0.6,2026-09-27,2026-09-27 20:08:18,1597.69,1,0.0,Mediana directa,141.6,2.8000000000000003,31.200000000000003,0.24,1917.228,5924.23452
Almacén,Harina de trigo 000,2200.0,1.08,340,10.0,72.0,1.2,2026-09-27,2026-09-27 20:08:18,873.16,1,0.0,Mediana directa,122.39999999999999,3.6,25.919999999999998,0.432,943.0128000000001,2913.909552
Almacén,Otras harinas (maíz / Polenta),2800.0,0.21,350,8.0,76.0,1.0,2026-09-27,2026-09-27 20:08:18,2800.0,0,0.0,Proxy (Referencia INDEC),24.5,0.56,5.32,0.07,588.0,1816.9199999999998
Almacén,Fideos secos,3800.0,1.74,355,12.0,73.0,1.5,2026-09-27,2026-09-27 20:08:18,1913.14,1,0.0,Mediana directa,205.89999999999998,6.96,42.339999999999996,0.87,3328.8636,10286.188524
Frutas y Verduras,Papa blanca,1800.0,6.51,80,2.0,18.0,0.1,2026-09-27,2026-09-27 20:08:18,1800.0,0,0.0,Proxy (Referencia INDEC),173.60000000000002,4.34,39.059999999999995,0.217,11718.0,36208.619999999995
Frutas y Verduras,Batata,2500.0,0.51,86,1.6,20.0,0.1,2026-09-27,2026-09-27 20:08:18,2500.0,0,0.0,Proxy (Referencia INDEC),14.62,0.272,3.4000000000000004,0.017,1275.0,3939.75
Frutas y Verduras,"Hortalizas (cebolla, tomate, zanahoria, zapallo, etc.)",2200.0,5.73,30,1.2,6.0,0.2,2026-09-27,2026-09-27 20:08:18,2200.0,0,0.0,Proxy (Referencia INDEC),57.3,2.2920000000000003,11.459999999999999,0.382,12606.000000000002,38952.54
Frutas y Verduras,"Frutas (manzana, naranja, banana, pera)",2800.0,4.95,52,0.5,13.5,0.2,2026-09-27,2026-09-27 20:08:18,2800.0,0,0.0,Proxy (Referencia INDEC),85.8,0.8250000000000001,22.275000000000002,0.33,13860.0,42827.4
Almacén,Azúcar,2000.0,1.23,387,0.0,100.0,0.0,2026-09-27,2026-09-27 20:08:18,993.75,1,0.0,Mediana directa,158.67000000000002,0.0,41.0,0.0,1222.3125,3776.945625
Almacén,"Dulces (dulce de leche, mermelada, batata)",6500.0,0.33,315,4.0,60.0,5.0,2026-09-27,2026-09-27 20:08:18,2864.82,1,0.0,Mediana directa,34.65,0.44,6.6,0.55,945.3906000000001,2921.256954
Almacén,"Legumbres secas (lentejas, arvejas)",4200.0,0.24,340,24.0,60.0,1.0,2026-09-27,2026-09-27 20:08:18,1681.9,1,0.0,Mediana directa,27.2,1.92,4.8,0.08,403.656,1247.29704
Carnes,"Carnes (asado, picada, paleta, nalga, pollo, pescado)",13500.0,6.27,210,19.0,0.0,14.0,2026-09-27,2026-09-27 20:08:18,13500.0,0,0.0,Proxy (Referencia INDEC),438.90000000000003,39.71,0.0,29.26,84645.0,261553.05
Carnes,Menudencias (hígado),5500.0,0.27,135,20.0,3.8,4.0,2026-09-27,2026-09-27 20:08:18,5500.0,0,0.0,Proxy (Referencia INDEC),12.15,1.8,0.34199999999999997,0.36,1485.0,4588.65
Carnes,"Fiambres (paleta cocida, salame)",15000.0,0.06,300,16.0,2.0,25.0,2026-09-27,2026-09-27 20:08:18,15000.0,0,0.0,Proxy (Referencia INDEC),6.0,0.32,0.04,0.5,900.0,2781.0
Lácteos y Huevos,Huevos (docena),6000.0,0.6,150,12.5,0.7,10.0,2026-09-27,2026-09-27 20:08:18,6000.0,0,0.0,Proxy (Referencia INDEC),30.0,2.5,0.13999999999999999,2.0,3600.0,11124.0
Lácteos y Huevos,Leche entera,2400.0,9.27,60,3.1,4.7,3.0,2026-09-27,2026-09-27 20:08:18,2400.0,0,0.0,Proxy (Referencia INDEC),185.4,9.579,14.523,9.27,22248.0,68746.31999999999
Lácteos y Huevos,"Queso (cremoso, cuartirolo, de rallar)",16000.0,0.33,320,20.0,1.5,26.0,2026-09-27,2026-09-27 20:08:18,16000.0,0,0.0,Proxy (Referencia INDEC),35.2,2.2,0.16499999999999998,2.8600000000000003,5280.0,16315.199999999999
Lácteos y Huevos,Yogur,3800.0,0.57,65,3.2,9.0,2.5,2026-09-27,2026-09-27 20:08:18,3800.0,0,0.0,Proxy (Referencia INDEC),12.35,0.608,1.71,0.47500000000000003,2166.0,6692.94
Lácteos y Huevos,Manteca,16000.0,0.06,717,0.9,0.1,81.0,2026-09-27,2026-09-27 20:08:18,16000.0,0,0.0,Proxy (Referencia INDEC),14.34,0.018000000000000002,0.002,1.62,960.0,2966.3999999999996
Almacén,Aceite de girasol,4800.0,1.2,884,0.0,0.0,100.0,2026-09-27,2026-09-27 20:08:18,4800.0,0,0.0,Proxy (Referencia INDEC),353.6,0.0,0.0,40.0,5760.0,17798.399999999998
Bebidas,"Bebidas no alcohólicas (gaseosas, jugos, soda)",3200.0,3.45,35,0.0,9.0,0.0,2026-09-27,2026-09-27 20:08:18,1402.48,1,0.0,Mediana directa,40.25,0.0,10.35,0.0,4838.5560000000005,14951.138040000002
Bebidas,"Bebidas alcohólicas (cerveza, vino)",4500.0,1.08,60,0.3,3.0,0.0,2026-09-27,2026-09-27 20:08:18,4293.075000000001,2,116.93499999999995,Mediana directa,21.599999999999998,0.108,1.08,0.0,4636.521000000001,14326.849890000001
Almacén,Sal fina,1500.0,0.12,0,0.0,0.0,0.0,2026-09-27,2026-09-27 20:08:18,1624.904,1,0.0,Mediana directa,0.0,0.0,0.0,0.0,194.98847999999998,602.5144032
Almacén,"Condimentos (mayonesa, caldos)",7500.0,0.12,350,1.0,10.0,35.0,2026-09-27,2026-09-27 20:08:18,7500.0,0,0.0,Proxy (Referencia INDEC),14.0,0.04,0.4,1.4,900.0,2781.0
Almacén,Vinagre,2200.0,0.06,18,0.0,0.1,0.0,2026-09-27,2026-09-27 20:08:18,3171.7,2,1954.9499999999998,Mediana directa,0.36,0.0,0.002,0.0,190.302,588.0331799999999
Almacén,Café,32000.0,0.03,200,14.0,40.0,0.2,2026-09-27,2026-09-27 20:08:18,32000.0,0,0.0,Proxy (Referencia INDEC),2.0,0.14,0.4,0.002,960.0,2966.3999999999996
Almacén,Yerba mate,6500.0,0.51,30,1.0,6.0,0.0,2026-09-27,2026-09-27 20:08:18,6500.0,0,0.0,Proxy (Referencia INDEC),5.1,0.17,1.02,0.0,3315.0,10243.35
Panadería,Pan francés,4500.0,6.75,265,9.0,55.0,1.2,2026-09-27,2026-09-27 22:08:32,4500.0,0,0.0,Proxy (Referencia INDEC),596.25,20.25,123.75000000000001,2.7,30375.0,93858.75
Panadería,Galletitas de agua,6800.0,0.42,420,9.5,68.0,12.0,2026-09-27,2026-09-27 22:08:32,6800.0,0,0.0,Proxy (Referencia INDEC),58.800000000000004,1.33,9.520000000000001,1.68,2856.0,8825.039999999999
Panadería,Galletitas dulces,7500.0,0.21,450,6.5,72.0,15.0,2026-09-27,2026-09-27 22:08:32,7500.0,0,0.0,Proxy (Referencia INDEC),31.5,0.455,5.04,1.05,1575.0,4866.75
Almacén,Arroz blanco,3800.0,1.2,354,7.0,78.0,0.6,2026-09-27,2026-09-27 22:08:32,2290.23,2,692.54,Mediana directa,141.6,2.8000000000000003,31.200000000000003,0.24,2748.276,8492.17284
Almacén,Harina de trigo 000,2200.0,1.08,340,10.0,72.0,1.2,2026-09-27,2026-09-27 22:08:32,873.16,3,45.74038065235384,Mediana directa,122.39999999999999,3.6,25.919999999999998,0.432,943.0128000000001,2913.909552
Almacén,Otras harinas (maíz / Polenta),2800.0,0.21,350,8.0,76.0,1.0,2026-09-27,2026-09-27 22:08:32,2800.0,0,0.0,Proxy (Referencia INDEC),24.5,0.56,5.32,0.07,588.0,1816.9199999999998
Almacén,Fideos secos,3800.0,1.74,355,12.0,73.0,1.5,2026-09-27,2026-09-27 22:08:32,1913.14,1,0.0,Mediana directa,205.89999999999998,6.96,42.339999999999996,0.87,3328.8636,10286.188524
Frutas y Verduras,Papa blanca,1800.0,6.51,80,2.0,18.0,0.1,2026-09-27,2026-09-27 22:08:32,1800.0,0,0.0,Proxy (Referencia INDEC),173.60000000000002,4.34,39.059999999999995,0.217,11718.0,36208.619999999995
Frutas y Verduras,Batata,2500.0,0.51,86,1.6,20.0,0.1,2026-09-27,2026-09-27 22:08:32,2500.0,0,0.0,Proxy (Referencia INDEC),14.62,0.272,3.4000000000000004,0.017,1275.0,3939.75
Frutas y Verduras,"Hortalizas (cebolla, tomate, zanahoria, zapallo, etc.)",2200.0,5.73,30,1.2,6.0,0.2,2026-09-27,2026-09-27 22:08:32,2200.0,0,0.0,Proxy (Referencia INDEC),57.3,2.2920000000000003,11.459999999999999,0.382,12606.000000000002,38952.54
Frutas y Verduras,"Frutas (manzana, naranja, banana, pera)",2800.0,4.95,52,0.5,13.5,0.2,2026-09-27,2026-09-27 22:08:32,2800.0,0,0.0,Proxy (Referencia INDEC),85.8,0.8250000000000001,22.275000000000002,0.33,13860.0,42827.4
Almacén,Azúcar,2000.0,1.23,387,0.0,100.0,0.0,2026-09-27,2026-09-27 22:08:32,993.75,1,0.0,Mediana directa,158.67000000000002,0.0,41.0,0.0,1222.3125,3776.945625
Almacén,"Dulces (dulce de leche, mermelada, batata)",6500.0,0.33,315,4.0,60.0,5.0,2026-09-27,2026-09-27 22:08:32,2864.82,1,0.0,Mediana directa,34.65,0.44,6.6,0.55,945.3906000000001,2921.256954
Almacén,"Legumbres secas (lentejas, arvejas)",4200.0,0.24,340,24.0,60.0,1.0,2026-09-27,2026-09-27 22:08:32,1681.9,1,0.0,Mediana directa,27.2,1.92,4.8,0.08,403.656,1247.29704
Carnes,"Carnes (asado, picada, paleta, nalga, pollo, pescado)",13500.0,6.27,210,19.0,0.0,14.0,2026-09-27,2026-09-27 22:08:32,13500.0,0,0.0,Proxy (Referencia INDEC),438.90000000000003,39.71,0.0,29.26,84645.0,261553.05
Carnes,Menudencias (hígado),5500.0,0.27,135,20.0,3.8,4.0,2026-09-27,2026-09-27 22:08:32,5500.0,0,0.0,Proxy (Referencia INDEC),12.15,1.8,0.34199999999999997,0.36,1485.0,4588.65
Carnes,"Fiambres (paleta cocida, salame)",15000.0,0.06,300,16.0,2.0,25.0,2026-09-27,2026-09-27 22:08:32,15000.0,0,0.0,Proxy (Referencia INDEC),6.0,0.32,0.04,0.5,900.0,2781.0
Lácteos y Huevos,Huevos (docena),6000.0,0.6,150,12.5,0.7,10.0,2026-09-27,2026-09-27 22:08:32,6000.0,0,0.0,Proxy (Referencia INDEC),30.0,2.5,0.13999999999999999,2.0,3600.0,11124.0
Lácteos y Huevos,Leche entera,2400.0,9.27,60,3.1,4.7,3.0,2026-09-27,2026-09-27 22:08:32,2400.0,0,0.0,Proxy (Referencia INDEC),185.4,9.579,14.523,9.27,22248.0,68746.31999999999
Lácteos y Huevos,"Queso (cremoso, cuartirolo, de rallar)",16000.0,0.33,320,20.0,1.5,26.0,2026-09-27,2026-09-27 22:08:32,16000.0,0,0.0,Proxy (Referencia INDEC),35.2,2.2,0.16499999999999998,2.8600000000000003,5280.0,16315.199999999999
Lácteos y Huevos,Yogur,3800.0,0.57,65,3.2,9.0,2.5,2026-09-27,2026-09-27 22:08:32,3800.0,0,0.0,Proxy (Referencia INDEC),12.35,0.608,1.71,0.47500000000000003,2166.0,6692.94
Lácteos y Huevos,Manteca,16000.0,0.06,717,0.9,0.1,81.0,2026-09-27,2026-09-27 22:08:32,16000.0,0,0.0,Proxy (Referencia INDEC),14.34,0.018000000000000002,0.002,1.62,960.0,2966.3999999999996
Almacén,Aceite de girasol,4800.0,1.2,884,0.0,0.0,100.0,2026-09-27,2026-09-27 22:08:32,2450.0,1,0.0,Mediana directa,353.6,0.0,0.0,40.0,2940.0,9084.6
Bebidas,"Bebidas no alcohólicas (gaseosas, jugos, soda)",3200.0,3.45,35,0.0,9.0,0.0,2026-09-27,2026-09-27 22:08:32,1801.24,2,398.76,Mediana directa,40.25,0.0,10.35,0.0,6214.278,19202.11902
Bebidas,"Bebidas alcohólicas (cerveza, vino)",4500.0,1.08,60,0.3,3.0,0.0,2026-09-27,2026-09-27 22:08:32,4293.075000000001,2,116.93499999999995,Mediana directa,21.599999999999998,0.108,1.08,0.0,4636.521000000001,14326.849890000001
Almacén,Sal fina,1500.0,0.12,0,0.0,0.0,0.0,2026-09-27,2026-09-27 22:08:32,1624.904,1,0.0,Mediana directa,0.0,0.0,0.0,0.0,194.98847999999998,602.5144032
Almacén,"Condimentos (mayonesa, caldos)",7500.0,0.12,350,1.0,10.0,35.0,2026-09-27,2026-09-27 22:08:32,7500.0,0,0.0,Proxy (Referencia INDEC),14.0,0.04,0.4,1.4,900.0,2781.0
Almacén,Vinagre,2200.0,0.06,18,0.0,0.1,0.0,2026-09-27,2026-09-27 22:08:32,3171.7,2,1954.9499999999998,Mediana directa,0.36,0.0,0.002,0.0,190.302,588.0331799999999
Almacén,Café,32000.0,0.03,200,14.0,40.0,0.2,2026-09-27,2026-09-27 22:08:32,32000.0,0,0.0,Proxy (Referencia INDEC),2.0,0.14,0.4,0.002,960.0,2966.3999999999996
Almacén,Yerba mate,6500.0,0.51,30,1.0,6.0,0.0,2026-09-27,2026-09-27 22:08:32,6500.0,0,0.0,Proxy (Referencia INDEC),5.1,0.17,1.02,0.0,3315.0,10243.35
Panadería,Pan francés,4500.0,6.75,265,9.0,55.0,1.2,2026-09-27,2026-09-27 22:23:14,4500.0,0,0.0,Proxy (Referencia INDEC),596.25,20.25,123.75000000000001,2.7,30375.0,93858.75
Panadería,Galletitas de agua,6800.0,0.42,420,9.5,68.0,12.0,2026-09-27,2026-09-27 22:23:14,6800.0,0,0.0,Proxy (Referencia INDEC),58.800000000000004,1.33,9.520000000000001,1.68,2856.0,8825.039999999999
Panadería,Galletitas dulces,7500.0,0.21,450,6.5,72.0,15.0,2026-09-27,2026-09-27 22:23:14,7500.0,0,0.0,Proxy (Referencia INDEC),31.5,0.455,5.04,1.05,1575.0,4866.75
Almacén,Arroz blanco,3800.0,1.2,354,7.0,78.0,0.6,2026-09-27,2026-09-27 22:23:14,2290.23,2,692.54,Mediana directa,141.6,2.8000000000000003,31.200000000000003,0.24,2748.276,8492.17284
Almacén,Harina de trigo 000,2200.0,1.08,340,10.0,72.0,1.2,2026-09-27,2026-09-27 22:23:14,873.16,3,45.74038065235384,Mediana directa,122.39999999999999,3.6,25.919999999999998,0.432,943.0128000000001,2913.909552
Almacén,Otras harinas (maíz / Polenta),2800.0,0.21,350,8.0,76.0,1.0,2026-09-27,2026-09-27 22:23:14,2800.0,0,0.0,Proxy (Referencia INDEC),24.5,0.56,5.32,0.07,588.0,1816.9199999999998
Almacén,Fideos secos,3800.0,1.74,355,12.0,73.0,1.5,2026-09-27,2026-09-27 22:23:14,1913.14,1,0.0,Mediana directa,205.89999999999998,6.96,42.339999999999996,0.87,3328.8636,10286.188524
Frutas y Verduras,Papa blanca,1800.0,6.51,80,2.0,18.0,0.1,2026-09-27,2026-09-27 22:23:14,1800.0,0,0.0,Proxy (Referencia INDEC),173.60000000000002,4.34,39.059999999999995,0.217,11718.0,36208.619999999995
Frutas y Verduras,Batata,2500.0,0.51,86,1.6,20.0,0.1,2026-09-27,2026-09-27 22:23:14,2500.0,0,0.0,Proxy (Referencia INDEC),14.62,0.272,3.4000000000000004,0.017,1275.0,3939.75
Frutas y Verduras,"Hortalizas (cebolla, tomate, zanahoria, zapallo, etc.)",2200.0,5.73,30,1.2,6.0,0.2,2026-09-27,2026-09-27 22:23:14,2200.0,0,0.0,Proxy (Referencia INDEC),57.3,2.2920000000000003,11.459999999999999,0.382,12606.000000000002,38952.54
Frutas y Verduras,"Frutas (manzana, naranja, banana, pera)",2800.0,4.95,52,0.5,13.5,0.2,2026-09-27,2026-09-27 22:23:14,2800.0,0,0.0,Proxy (Referencia INDEC),85.8,0.8250000000000001,22.275000000000002,0.33,13860.0,42827.4
Almacén,Azúcar,2000.0,1.23,387,0.0,100.0,0.0,2026-09-27,2026-09-27 22:23:14,993.75,1,0.0,Mediana directa,158.67000000000002,0.0,41.0,0.0,1222.3125,3776.945625
Almacén,"Dulces (dulce de leche, mermelada, batata)",6500.0,0.33,315,4.0,60.0,5.0,2026-09-27,2026-09-27 22:23:14,2864.82,1,0.0,Mediana directa,34.65,0.44,6.6,0.55,945.3906000000001,2921.256954
Almacén,"Legumbres secas (lentejas, arvejas)",4200.0,0.24,340,24.0,60.0,1.0,2026-09-27,2026-09-27 22:23:14,1681.9,1,0.0,Mediana directa,27.2,1.92,4.8,0.08,403.656,1247.29704
Carnes,"Carnes (asado, picada, paleta, nalga, pollo, pescado)",13500.0,6.27,210,19.0,0.0,14.0,2026-09-27,2026-09-27 22:23:14,13500.0,0,0.0,Proxy (Referencia INDEC),438.90000000000003,39.71,0.0,29.26,84645.0,261553.05
Carnes,Menudencias (hígado),5500.0,0.27,135,20.0,3.8,4.0,2026-09-27,2026-09-27 22:23:14,5500.0,0,0.0,Proxy (Referencia INDEC),12.15,1.8,0.34199999999999997,0.36,1485.0,4588.65
Carnes,"Fiambres (paleta cocida, salame)",15000.0,0.06,300,16.0,2.0,25.0,2026-09-27,2026-09-27 22:23:14,15000.0,0,0.0,Proxy (Referencia INDEC),6.0,0.32,0.04,0.5,900.0,2781.0
Lácteos y Huevos,Huevos (docena),6000.0,0.6,150,12.5,0.7,10.0,2026-09-27,2026-09-27 22:23:14,6000.0,0,0.0,Proxy (Referencia INDEC),30.0,2.5,0.13999999999999999,2.0,3600.0,11124.0
Lácteos y Huevos,Leche entera,2400.0,9.27,60,3.1,4.7,3.0,2026-09-27,2026-09-27 22:23:14,2400.0,0,0.0,Proxy (Referencia INDEC),185.4,9.579,14.523,9.27,22248.0,68746.31999999999
Lácteos y Huevos,"Queso (cremoso, cuartirolo, de rallar)",16000.0,0.33,320,20.0,1.5,26.0,2026-09-27,2026-09-27 22:23:14,16000.0,0,0.0,Proxy (Referencia INDEC),35.2,2.2,0.16499999999999998,2.8600000000000003,5280.0,16315.199999999999
Lácteos y Huevos,Yogur,3800.0,0.57,65,3.2,9.0,2.5,2026-09-27,2026-09-27 22:23:14,3800.0,0,0.0,Proxy (Referencia INDEC),12.35,0.608,1.71,0.47500000000000003,2166.0,6692.94
Lácteos y Huevos,Manteca,16000.0,0.06,717,0.9,0.1,81.0,2026-09-27,2026-09-27 22:23:14,16000.0,0,0.0,Proxy (Referencia INDEC),14.34,0.018000000000000002,0.002,1.62,960.0,2966.3999999999996
Almacén,Aceite de girasol,4800.0,1.2,884,0.0,0.0,100.0,2026-09-27,2026-09-27 22:23:14,2450.0,1,0.0,Mediana directa,353.6,0.0,0.0,40.0,2940.0,9084.6
Bebidas,"Bebidas no alcohólicas (gaseosas, jugos, soda)",3200.0,3.45,35,0.0,9.0,0.0,2026-09-27,2026-09-27 22:23:14,1801.24,2,398.76,Mediana directa,40.25,0.0,10.35,0.0,6214.278,19202.11902
Bebidas,"Bebidas alcohólicas (cerveza, vino)",4500.0,1.08,60,0.3,3.0,0.0,2026-09-27,2026-09-27 22:23:14,4293.075000000001,2,116.93499999999995,Mediana directa,21.599999999999998,0.108,1.08,0.0,4636.521000000001,14326.849890000001
Almacén,Sal fina,1500.0,0.12,0,0.0,0.0,0.0,2026-09-27,2026-09-27 22:23:14,1624.904,1,0.0,Mediana directa,0.0,0.0,0.0,0.0,194.98847999999998,602.5144032
Almacén,"Condimentos (mayonesa, caldos)",7500.0,0.12,350,1.0,10.0,35.0,2026-09-27,2026-09-27 22:23:14,7500.0,0,0.0,Proxy (Referencia INDEC),14.0,0.04,0.4,1.4,900.0,2781.0
Almacén,Vinagre,2200.0,0.06,18,0.0,0.1,0.0,2026-09-27,2026-09-27 22:23:14,3171.7,2,1954.9499999999998,Mediana directa,0.36,0.0,0.002,0.0,190.302,588.0331799999999
Almacén,Café,32000.0,0.03,200,14.0,40.0,0.2,2026-09-27,2026-09-27 22:23:14,32000.0,0,0.0,Proxy (Referencia INDEC),2.0,0.14,0.4,0.002,960.0,2966.3999999999996
Almacén,Yerba mate,6500.0,0.51,30,1.0,6.0,0.0,2026-09-27,2026-09-27 22:23:14,6500.0,0,0.0,Proxy (Referencia INDEC),5.1,0.17,1.02,0.0,3315.0,10243.35
Panadería,Pan francés,4500.0,6.75,265,9.0,55.0,1.2,2026-09-28,2026-09-28 00:49:54,4500.0,0,0.0,Proxy (Referencia INDEC),596.25,20.25,123.75000000000001,2.7,30375.0,93858.75
Panadería,Galletitas de agua,6800.0,0.42,420,9.5,68.0,12.0,2026-09-28,2026-09-28 00:49:54,6800.0,0,0.0,Proxy (Referencia INDEC),58.800000000000004,1.33,9.520000000000001,1.68,2856.0,8825.039999999999
Panadería,Galletitas dulces,7500.0,0.21,450,6.5,72.0,15.0,2026-09-28,2026-09-28 00:49:54,7500.0,0,0.0,Proxy (Referencia INDEC),31.5,0.455,5.04,1.05,1575.0,4866.75
Almacén,Arroz blanco,3800.0,1.2,354,7.0,78.0,0.6,2026-09-28,2026-09-28 00:49:54,3800.0,0,0.0,Proxy (Referencia INDEC),141.6,2.8000000000000003,31.200000000000003,0.24,4560.0,14090.4
Almacén,Harina de trigo 000,2200.0,1.08,340,10.0,72.0,1.2,2026-09-28,2026-09-28 00:49:54,2200.0,0,0.0,Proxy (Referencia INDEC),122.39999999999999,3.6,25.919999999999998,0.432,2376.0,7341.839999999999
Almacén,Harina de maíz / Polenta,2800.0,0.21,350,8.0,76.0,1.0,2026-09-28,2026-09-28 00:49:54,2800.0,0,0.0,Proxy (Referencia INDEC),24.5,0.56,5.32,0.07,588.0,1816.9199999999998
Almacén,Fideos secos,3800.0,1.74,355,12.0,73.0,1.5,2026-09-28,2026-09-28 00:49:54,3800.0,0,0.0,Proxy (Referencia INDEC),205.89999999999998,6.96,42.339999999999996,0.87,6612.0,20431.079999999998
Frutas y Verduras,Papa blanca,1800.0,6.51,80,2.0,18.0,0.1,2026-09-28,2026-09-28 00:49:54,1800.0,0,0.0,Proxy (Referencia INDEC),173.60000000000002,4.34,39.059999999999995,0.217,11718.0,36208.619999999995
Frutas y Verduras,Batata,2500.0,0.51,86,1.6,20.0,0.1,2026-09-28,2026-09-28 00:49:54,2500.0,0,0.0,Proxy (Referencia INDEC),14.62,0.272,3.4000000000000004,0.017,1275.0,3939.75
Frutas y Verduras,Cebolla,2200.0,1.146,40,1.1,9.0,0.1,2026-09-28,2026-09-28 00:49:54,2200.0,0,0.0,Proxy (Referencia INDEC),15.280000000000001,0.4202000000000001,3.438,0.038200000000000005,2521.2,7790.507999999999
Frutas y Verduras,Tomate,2200.0,1.146,18,0.9,3.9,0.2,2026-09-28,2026-09-28 00:49:54,2200.0,0,0.0,Proxy (Referencia INDEC),6.876,0.34380000000000005,1.4898,0.07640000000000001,2521.2,7790.507999999999
Frutas y Verduras,Zanahoria,2200.0,1.146,41,0.9,9.6,0.2,2026-09-28,2026-09-28 00:49:54,2200.0,0,0.0,Proxy (Referencia INDEC),15.662,0.34380000000000005,3.6672000000000002,0.07640000000000001,2521.2,7790.507999999999
Frutas y Verduras,Zapallo,2200.0,1.146,26,1.0,6.5,0.1,2026-09-28,2026-09-28 00:49:54,2200.0,0,0.0,Proxy (Referencia INDEC),9.932,0.38200000000000006,2.483,0.038200000000000005,2521.2,7790.507999999999
Frutas y Verduras,Acelga,2200.0,1.146,19,1.8,3.7,0.2,2026-09-28,2026-09-28 00:49:54,2200.0,0,0.0,Proxy (Referencia INDEC),7.258000000000001,0.6876000000000001,1.4134000000000002,0.07640000000000001,2521.2,7790.507999999999
Frutas y Verduras,Manzana,2800.0,1.2375,52,0.3,13.8,0.2,2026-09-28,2026-09-28 00:49:54,2800.0,0,0.0,Proxy (Referencia INDEC),21.45,0.12375,5.692500000000001,0.0825,3465.0,10706.85
Frutas y Verduras,Naranja,2800.0,1.2375,47,0.9,11.8,0.1,2026-09-28,2026-09-28 00:49:54,2800.0,0,0.0,Proxy (Referencia INDEC),19.3875,0.37125,4.867500000000001,0.04125,3465.0,10706.85
Frutas y Verduras,Banana,2800.0,1.2375,89,1.1,22.8,0.3,2026-09-28,2026-09-28 00:49:54,2800.0,0,0.0,Proxy (Referencia INDEC),36.7125,0.45375000000000004,9.405000000000001,0.12375,3465.0,10706.85
Frutas y Verduras,Pera,2800.0,1.2375,57,0.4,15.0,0.1,2026-09-28,2026-09-28 00:49:54,2800.0,0,0.0,Proxy (Referencia INDEC),23.5125,0.165,6.1875,0.04125,3465.0,10706.85
Almacén,Azúcar,2000.0,1.23,387,0.0,100.0,0.0,2026-09-28,2026-09-28 00:49:54,2000.0,0,0.0,Proxy (Referencia INDEC),158.67000000000002,0.0,41.0,0.0,2460.0,7601.4
Almacén,Dulce de leche,6500.0,0.11,315,7.0,55.0,7.0,2026-09-28,2026-09-28 00:49:54,6500.0,0,0.0,Proxy (Referencia INDEC),11.549999999999999,0.25666666666666665,2.0166666666666666,0.25666666666666665,715.0,2209.35
Almacén,Mermelada,6500.0,0.11,260,0.5,65.0,0.1,2026-09-28,2026-09-28 00:49:54,6500.0,0,0.0,Proxy (Referencia INDEC),9.533333333333333,0.018333333333333333,2.3833333333333333,0.0036666666666666666,715.0,2209.35
Almacén,Dulce de batata,6500.0,0.11,255,0.5,63.0,0.1,2026-09-28,2026-09-28 00:49:54,6500.0,0,0.0,Proxy (Referencia INDEC),9.35,0.018333333333333333,2.31,0.0036666666666666666,715.0,2209.35
Almacén,Lentejas,4200.0,0.12,340,24.0,60.0,1.0,2026-09-28,2026-09-28 00:49:54,4200.0,0,0.0,Proxy (Referencia INDEC),13.6,0.96,2.4,0.04,504.0,1557.36
Almacén,Arvejas,4200.0,0.12,340,22.0,60.0,1.2,2026-09-28,2026-09-28 00:49:54,4200.0,0,0.0,Proxy (Referencia INDEC),13.6,0.88,2.4,0.048,504.0,1557.36
Carnes,Asado,13500.0,1.045,250,18.0,0.0,20.0,2026-09-28,2026-09-28 00:49:54,13500.0,0,0.0,Proxy (Referencia INDEC),87.08333333333334,6.2700000000000005,0.0,6.966666666666668,14107.499999999998,43592.174999999996
Carnes,Carne picada,13500.0,1.045,210,19.0,0.0,15.0,2026-09-28,2026-09-28 00:49:54,13500.0,0,0.0,Proxy (Referencia INDEC),73.15,6.618333333333334,0.0,5.2250000000000005,14107.499999999998,43592.174999999996
Carnes,Paleta,13500.0,1.045,170,20.0,0.0,10.0,2026-09-28,2026-09-28 00:49:54,13500.0,0,0.0,Proxy (Referencia INDEC),59.21666666666667,6.966666666666668,0.0,3.483333333333334,14107.499999999998,43592.174999999996
Carnes,Nalga,13500.0,1.045,140,21.0,0.0,5.0,2026-09-28,2026-09-28 00:49:54,13500.0,0,0.0,Proxy (Referencia INDEC),48.766666666666666,7.315,0.0,1.741666666666667,14107.499999999998,43592.174999999996
Carnes,Pollo entero,13500.0,1.045,215,18.0,0.0,15.0,2026-09-28,2026-09-28 00:49:54,13500.0,0,0.0,Proxy (Referencia INDEC),74.89166666666667,6.2700000000000005,0.0,5.2250000000000005,14107.499999999998,43592.174999999996
Carnes,Pescado,13500.0,1.045,90,18.0,0.0,1.5,2026-09-28,2026-09-28 00:49:54,13500.0,0,0.0,Proxy (Referencia INDEC),31.35,6.2700000000000005,0.0,0.5225,14107.499999999998,43592.174999999996
Carnes,Hígado,5500.0,0.27,135,20.0,3.8,4.0,2026-09-28,2026-09-28 00:49:54,5500.0,0,0.0,Proxy (Referencia INDEC),12.15,1.8,0.34199999999999997,0.36,1485.0,4588.65
Carnes,Paleta cocida,15000.0,0.03,130,18.0,2.0,6.0,2026-09-28,2026-09-28 00:49:54,15000.0,0,0.0,Proxy (Referencia INDEC),1.3,0.18,0.02,0.06,450.0,1390.5
Carnes,Salame,15000.0,0.03,400,20.0,1.0,35.0,2026-09-28,2026-09-28 00:49:54,15000.0,0,0.0,Proxy (Referencia INDEC),4.0,0.2,0.01,0.35,450.0,1390.5
Lácteos y Huevos,Huevos (docena),6000.0,0.6,150,12.5,0.7,10.0,2026-09-28,2026-09-28 00:49:54,6000.0,0,0.0,Proxy (Referencia INDEC),30.0,2.5,0.13999999999999999,2.0,3600.0,11124.0
Lácteos y Huevos,Leche entera,2400.0,9.27,60,3.1,4.7,3.0,2026-09-28,2026-09-28 00:49:54,2400.0,0,0.0,Proxy (Referencia INDEC),185.4,9.579,14.523,9.27,22248.0,68746.31999999999
Lácteos y Huevos,Queso cremoso,16000.0,0.11,300,18.0,1.5,25.0,2026-09-28,2026-09-28 00:49:54,16000.0,0,0.0,Proxy (Referencia INDEC),11.0,0.6599999999999999,0.05499999999999999,0.9166666666666666,1760.0,5438.4
Lácteos y Huevos,Queso cuartirolo,16000.0,0.11,280,19.0,1.5,22.0,2026-09-28,2026-09-28 00:49:54,16000.0,0,0.0,Proxy (Referencia INDEC),10.266666666666666,0.6966666666666667,0.05499999999999999,0.8066666666666666,1760.0,5438.4
Lácteos y Huevos,Queso de rallar,16000.0,0.11,380,33.0,1.5,27.0,2026-09-28,2026-09-28 00:49:54,16000.0,0,0.0,Proxy (Referencia INDEC),13.933333333333332,1.21,0.05499999999999999,0.99,1760.0,5438.4
Lácteos y Huevos,Yogur,3800.0,0.57,65,3.2,9.0,2.5,2026-09-28,2026-09-28 00:49:54,3800.0,0,0.0,Proxy (Referencia INDEC),12.35,0.608,1.71,0.47500000000000003,2166.0,6692.94
Lácteos y Huevos,Manteca,16000.0,0.06,717,0.9,0.1,81.0,2026-09-28,2026-09-28 00:49:54,16000.0,0,0.0,Proxy (Referencia INDEC),14.34,0.018000000000000002,0.002,1.62,960.0,2966.3999999999996
Almacén,Aceite de girasol,4800.0,1.2,884,0.0,0.0,100.0,2026-09-28,2026-09-28 00:49:54,4800.0,0,0.0,Proxy (Referencia INDEC),353.6,0.0,0.0,40.0,5760.0,17798.399999999998
Bebidas,Gaseosa,3200.0,1.15,40,0.0,10.0,0.0,2026-09-28,2026-09-28 00:49:54,3200.0,0,0.0,Proxy (Referencia INDEC),15.333333333333336,0.0,3.833333333333334,0.0,3679.9999999999995,11371.199999999999
Bebidas,Jugo,3200.0,1.15,35,0.0,9.0,0.0,2026-09-28,2026-09-28 00:49:54,3200.0,0,0.0,Proxy (Referencia INDEC),13.416666666666666,0.0,3.45,0.0,3679.9999999999995,11371.199999999999
Bebidas,Soda,3200.0,1.15,0,0.0,0.0,0.0,2026-09-28,2026-09-28 00:49:54,3200.0,0,0.0,Proxy (Referencia INDEC),0.0,0.0,0.0,0.0,3679.9999999999995,11371.199999999999
Bebidas,Cerveza,4500.0,0.54,43,0.5,3.5,0.0,2026-09-28,2026-09-28 00:49:54,4500.0,0,0.0,Proxy (Referencia INDEC),7.74,0.09,0.6300000000000001,0.0,2430.0,7508.7
Bebidas,Vino,4500.0,0.54,85,0.1,2.5,0.0,2026-09-28,2026-09-28 00:49:54,4500.0,0,0.0,Proxy (Referencia INDEC),15.299999999999999,0.018000000000000002,0.45,0.0,2430.0,7508.7
Almacén,Sal fina,1500.0,0.12,0,0.0,0.0,0.0,2026-09-28,2026-09-28 00:49:54,1500.0,0,0.0,Proxy (Referencia INDEC),0.0,0.0,0.0,0.0,180.0,556.1999999999999
Almacén,Mayonesa,7500.0,0.06,680,1.0,3.0,75.0,2026-09-28,2026-09-28 00:49:54,7500.0,0,0.0,Proxy (Referencia INDEC),13.6,0.02,0.06,1.5,450.0,1390.5
Almacén,Caldo en cubo / Polvo,7500.0,0.06,250,10.0,25.0,10.0,2026-09-28,2026-09-28 00:49:54,7500.0,0,0.0,Proxy (Referencia INDEC),5.0,0.2,0.5,0.2,450.0,1390.5
Almacén,Vinagre,2200.0,0.06,18,0.0,0.1,0.0,2026-09-28,2026-09-28 00:49:54,2200.0,0,0.0,Proxy (Referencia INDEC),0.36,0.0,0.002,0.0,132.0,407.88
Almacén,Café,32000.0,0.03,200,14.0,40.0,0.2,2026-09-28,2026-09-28 00:49:54,32000.0,0,0.0,Proxy (Referencia INDEC),2.0,0.14,0.4,0.002,960.0,2966.3999999999996
Almacén,Yerba mate,6500.0,0.51,30,1.0,6.0,0.0,2026-09-28,2026-09-28 00:49:54,6500.0,0,0.0,Proxy (Referencia INDEC),5.1,0.17,1.02,0.0,3315.0,10243.35
Panadería,Pan francés,4500.0,6.75,265,9.0,55.0,1.2,2026-09-28,2026-09-28 01:03:41,4500.0,0,0.0,Proxy (Referencia INDEC),596.25,20.25,123.75000000000001,2.7,30375.0,93858.75
Panadería,Galletitas de agua,6800.0,0.42,420,9.5,68.0,12.0,2026-09-28,2026-09-28 01:03:41,6800.0,0,0.0,Proxy (Referencia INDEC),58.800000000000004,1.33,9.520000000000001,1.68,2856.0,8825.039999999999
Panadería,Galletitas dulces,7500.0,0.21,450,6.5,72.0,15.0,2026-09-28,2026-09-28 01:03:41,7500.0,0,0.0,Proxy (Referencia INDEC),31.5,0.455,5.04,1.05,1575.0,4866.75
Almacén,Arroz blanco,3800.0,1.2,354,7.0,78.0,0.6,2026-09-28,2026-09-28 01:03:41,3800.0,0,0.0,Proxy (Referencia INDEC),141.6,2.8000000000000003,31.200000000000003,0.24,4560.0,14090.4
Almacén,Harina de trigo 000,2200.0,1.08,340,10.0,72.0,1.2,2026-09-28,2026-09-28 01:03:41,2200.0,0,0.0,Proxy (Referencia INDEC),122.39999999999999,3.6,25.919999999999998,0.432,2376.0,7341.839999999999
Almacén,Harina de maíz / Polenta,2800.0,0.21,350,8.0,76.0,1.0,2026-09-28,2026-09-28 01:03:41,2800.0,0,0.0,Proxy (Referencia INDEC),24.5,0.56,5.32,0.07,588.0,1816.9199999999998
Almacén,Fideos secos,3800.0,1.74,355,12.0,73.0,1.5,2026-09-28,2026-09-28 01:03:41,3800.0,0,0.0,Proxy (Referencia INDEC),205.89999999999998,6.96,42.339999999999996,0.87,6612.0,20431.079999999998
Frutas y Verduras,Papa blanca,1800.0,6.51,80,2.0,18.0,0.1,2026-09-28,2026-09-28 01:03:41,1800.0,0,0.0,Proxy (Referencia INDEC),173.60000000000002,4.34,39.059999999999995,0.217,11718.0,36208.619999999995
Frutas y Verduras,Batata,2500.0,0.51,86,1.6,20.0,0.1,2026-09-28,2026-09-28 01:03:41,2500.0,0,0.0,Proxy (Referencia INDEC),14.62,0.272,3.4000000000000004,0.017,1275.0,3939.75
Frutas y Verduras,Cebolla,2200.0,1.146,40,1.1,9.0,0.1,2026-09-28,2026-09-28 01:03:41,2200.0,0,0.0,Proxy (Referencia INDEC),15.280000000000001,0.4202000000000001,3.438,0.038200000000000005,2521.2,7790.507999999999
Frutas y Verduras,Tomate,2200.0,1.146,18,0.9,3.9,0.2,2026-09-28,2026-09-28 01:03:41,2200.0,0,0.0,Proxy (Referencia INDEC),6.876,0.34380000000000005,1.4898,0.07640000000000001,2521.2,7790.507999999999
Frutas y Verduras,Zanahoria,2200.0,1.146,41,0.9,9.6,0.2,2026-09-28,2026-09-28 01:03:41,2200.0,0,0.0,Proxy (Referencia INDEC),15.662,0.34380000000000005,3.6672000000000002,0.07640000000000001,2521.2,7790.507999999999
Frutas y Verduras,Zapallo,2200.0,1.146,26,1.0,6.5,0.1,2026-09-28,2026-09-28 01:03:41,2200.0,0,0.0,Proxy (Referencia INDEC),9.932,0.38200000000000006,2.483,0.038200000000000005,2521.2,7790.507999999999
Frutas y Verduras,Acelga,2200.0,1.146,19,1.8,3.7,0.2,2026-09-28,2026-09-28 01:03:41,2200.0,0,0.0,Proxy (Referencia INDEC),7.258000000000001,0.6876000000000001,1.4134000000000002,0.07640000000000001,2521.2,7790.507999999999
Frutas y Verduras,Manzana,2800.0,1.2375,52,0.3,13.8,0.2,2026-09-28,2026-09-28 01:03:41,2800.0,0,0.0,Proxy (Referencia INDEC),21.45,0.12375,5.692500000000001,0.0825,3465.0,10706.85
Frutas y Verduras,Naranja,2800.0,1.2375,47,0.9,11.8,0.1,2026-09-28,2026-09-28 01:03:41,2800.0,0,0.0,Proxy (Referencia INDEC),19.3875,0.37125,4.867500000000001,0.04125,3465.0,10706.85
Frutas y Verduras,Banana,2800.0,1.2375,89,1.1,22.8,0.3,2026-09-28,2026-09-28 01:03:41,2800.0,0,0.0,Proxy (Referencia INDEC),36.7125,0.45375000000000004,9.405000000000001,0.12375,3465.0,10706.85
Frutas y Verduras,Pera,2800.0,1.2375,57,0.4,15.0,0.1,2026-09-28,2026-09-28 01:03:41,2800.0,0,0.0,Proxy (Referencia INDEC),23.5125,0.165,6.1875,0.04125,3465.0,10706.85
Almacén,Azúcar,2000.0,1.23,387,0.0,100.0,0.0,2026-09-28,2026-09-28 01:03:41,2000.0,0,0.0,Proxy (Referencia INDEC),158.67000000000002,0.0,41.0,0.0,2460.0,7601.4
Almacén,Dulce de leche,6500.0,0.11,315,7.0,55.0,7.0,2026-09-28,2026-09-28 01:03:41,6500.0,0,0.0,Proxy (Referencia INDEC),11.549999999999999,0.25666666666666665,2.0166666666666666,0.25666666666666665,715.0,2209.35
Almacén,Mermelada,6500.0,0.11,260,0.5,65.0,0.1,2026-09-28,2026-09-28 01:03:41,6500.0,0,0.0,Proxy (Referencia INDEC),9.533333333333333,0.018333333333333333,2.3833333333333333,0.0036666666666666666,715.0,2209.35
Almacén,Dulce de batata,6500.0,0.11,255,0.5,63.0,0.1,2026-09-28,2026-09-28 01:03:41,6500.0,0,0.0,Proxy (Referencia INDEC),9.35,0.018333333333333333,2.31,0.0036666666666666666,715.0,2209.35
Almacén,Lentejas,4200.0,0.12,340,24.0,60.0,1.0,2026-09-28,2026-09-28 01:03:41,4200.0,0,0.0,Proxy (Referencia INDEC),13.6,0.96,2.4,0.04,504.0,1557.36
Almacén,Arvejas,4200.0,0.12,340,22.0,60.0,1.2,2026-09-28,2026-09-28 01:03:41,4200.0,0,0.0,Proxy (Referencia INDEC),13.6,0.88,2.4,0.048,504.0,1557.36
Carnes,Asado,13500.0,1.045,250,18.0,0.0,20.0,2026-09-28,2026-09-28 01:03:41,13500.0,0,0.0,Proxy (Referencia INDEC),87.08333333333334,6.2700000000000005,0.0,6.966666666666668,14107.499999999998,43592.174999999996
Carnes,Carne picada,13500.0,1.045,210,19.0,0.0,15.0,2026-09-28,2026-09-28 01:03:41,13500.0,0,0.0,Proxy (Referencia INDEC),73.15,6.618333333333334,0.0,5.2250000000000005,14107.499999999998,43592.174999999996
Carnes,Paleta,13500.0,1.045,170,20.0,0.0,10.0,2026-09-28,2026-09-28 01:03:41,13500.0,0,0.0,Proxy (Referencia INDEC),59.21666666666667,6.966666666666668,0.0,3.483333333333334,14107.499999999998,43592.174999999996
Carnes,Nalga,13500.0,1.045,140,21.0,0.0,5.0,2026-09-28,2026-09-28 01:03:41,13500.0,0,0.0,Proxy (Referencia INDEC),48.766666666666666,7.315,0.0,1.741666666666667,14107.499999999998,43592.174999999996
Carnes,Pollo entero,13500.0,1.045,215,18.0,0.0,15.0,2026-09-28,2026-09-28 01:03:41,13500.0,0,0.0,Proxy (Referencia INDEC),74.89166666666667,6.2700000000000005,0.0,5.2250000000000005,14107.499999999998,43592.174999999996
Carnes,Pescado,13500.0,1.045,90,18.0,0.0,1.5,2026-09-28,2026-09-28 01:03:41,13500.0,0,0.0,Proxy (Referencia INDEC),31.35,6.2700000000000005,0.0,0.5225,14107.499999999998,43592.174999999996
Carnes,Hígado,5500.0,0.27,135,20.0,3.8,4.0,2026-09-28,2026-09-28 01:03:41,5500.0,0,0.0,Proxy (Referencia INDEC),12.15,1.8,0.34199999999999997,0.36,1485.0,4588.65
Carnes,Paleta cocida,15000.0,0.03,130,18.0,2.0,6.0,2026-09-28,2026-09-28 01:03:41,15000.0,0,0.0,Proxy (Referencia INDEC),1.3,0.18,0.02,0.06,450.0,1390.5
Carnes,Salame,15000.0,0.03,400,20.0,1.0,35.0,2026-09-28,2026-09-28 01:03:41,15000.0,0,0.0,Proxy (Referencia INDEC),4.0,0.2,0.01,0.35,450.0,1390.5
Lácteos y Huevos,Huevos (docena),6000.0,0.6,150,12.5,0.7,10.0,2026-09-28,2026-09-28 01:03:41,6000.0,0,0.0,Proxy (Referencia INDEC),30.0,2.5,0.13999999999999999,2.0,3600.0,11124.0
Lácteos y Huevos,Leche entera,2400.0,9.27,60,3.1,4.7,3.0,2026-09-28,2026-09-28 01:03:41,2400.0,0,0.0,Proxy (Referencia INDEC),185.4,9.579,14.523,9.27,22248.0,68746.31999999999
Lácteos y Huevos,Queso cremoso,16000.0,0.11,300,18.0,1.5,25.0,2026-09-28,2026-09-28 01:03:41,16000.0,0,0.0,Proxy (Referencia INDEC),11.0,0.6599999999999999,0.05499999999999999,0.9166666666666666,1760.0,5438.4
Lácteos y Huevos,Queso cuartirolo,16000.0,0.11,280,19.0,1.5,22.0,2026-09-28,2026-09-28 01:03:41,16000.0,0,0.0,Proxy (Referencia INDEC),10.266666666666666,0.6966666666666667,0.05499999999999999,0.8066666666666666,1760.0,5438.4
Lácteos y Huevos,Queso de rallar,16000.0,0.11,380,33.0,1.5,27.0,2026-09-28,2026-09-28 01:03:41,16000.0,0,0.0,Proxy (Referencia INDEC),13.933333333333332,1.21,0.05499999999999999,0.99,1760.0,5438.4
Lácteos y Huevos,Yogur,3800.0,0.57,65,3.2,9.0,2.5,2026-09-28,2026-09-28 01:03:41,3800.0,0,0.0,Proxy (Referencia INDEC),12.35,0.608,1.71,0.47500000000000003,2166.0,6692.94
Lácteos y Huevos,Manteca,16000.0,0.06,717,0.9,0.1,81.0,2026-09-28,2026-09-28 01:03:41,16000.0,0,0.0,Proxy (Referencia INDEC),14.34,0.018000000000000002,0.002,1.62,960.0,2966.3999999999996
Almacén,Aceite de girasol,4800.0,1.2,884,0.0,0.0,100.0,2026-09-28,2026-09-28 01:03:41,4800.0,0,0.0,Proxy (Referencia INDEC),353.6,0.0,0.0,40.0,5760.0,17798.399999999998
Bebidas,Gaseosa,3200.0,1.15,40,0.0,10.0,0.0,2026-09-28,2026-09-28 01:03:41,3200.0,0,0.0,Proxy (Referencia INDEC),15.333333333333336,0.0,3.833333333333334,0.0,3679.9999999999995,11371.199999999999
Bebidas,Jugo,3200.0,1.15,35,0.0,9.0,0.0,2026-09-28,2026-09-28 01:03:41,3200.0,0,0.0,Proxy (Referencia INDEC),13.416666666666666,0.0,3.45,0.0,3679.9999999999995,11371.199999999999
Bebidas,Soda,3200.0,1.15,0,0.0,0.0,0.0,2026-09-28,2026-09-28 01:03:41,3200.0,0,0.0,Proxy (Referencia INDEC),0.0,0.0,0.0,0.0,3679.9999999999995,11371.199999999999
Bebidas,Cerveza,4500.0,0.54,43,0.5,3.5,0.0,2026-09-28,2026-09-28 01:03:41,4500.0,0,0.0,Proxy (Referencia INDEC),7.74,0.09,0.6300000000000001,0.0,2430.0,7508.7
Bebidas,Vino,4500.0,0.54,85,0.1,2.5,0.0,2026-09-28,2026-09-28 01:03:41,4500.0,0,0.0,Proxy (Referencia INDEC),15.299999999999999,0.018000000000000002,0.45,0.0,2430.0,7508.7
Almacén,Sal fina,1500.0,0.12,0,0.0,0.0,0.0,2026-09-28,2026-09-28 01:03:41,1500.0,0,0.0,Proxy (Referencia INDEC),0.0,0.0,0.0,0.0,180.0,556.1999999999999
Almacén,Mayonesa,7500.0,0.06,680,1.0,3.0,75.0,2026-09-28,2026-09-28 01:03:41,7500.0,0,0.0,Proxy (Referencia INDEC),13.6,0.02,0.06,1.5,450.0,1390.5
Almacén,Caldo en cubo / Polvo,7500.0,0.06,250,10.0,25.0,10.0,2026-09-28,2026-09-28 01:03:41,7500.0,0,0.0,Proxy (Referencia INDEC),5.0,0.2,0.5,0.2,450.0,1390.5
Almacén,Vinagre,2200.0,0.06,18,0.0,0.1,0.0,2026-09-28,2026-09-28 01:03:41,2200.0,0,0.0,Proxy (Referencia INDEC),0.36,0.0,0.002,0.0,132.0,407.88
Almacén,Café,32000.0,0.03,200,14.0,40.0,0.2,2026-09-28,2026-09-28 01:03:41,32000.0,0,0.0,Proxy (Referencia INDEC),2.0,0.14,0.4,0.002,960.0,2966.3999999999996
Almacén,Yerba mate,6500.0,0.51,30,1.0,6.0,0.0,2026-09-28,2026-09-28 01:03:41,6500.0,0,0.0,Proxy (Referencia INDEC),5.1,0.17,1.02,0.0,3315.0,10243.35
Panadería,Pan francés,4500.0,6.75,265,9.0,55.0,1.2,2026-09-28,2026-09-28 12:40:10,4500.0,0,0.0,Proxy (Referencia INDEC),596.25,20.25,123.75000000000001,2.7,30375.0,93858.75
Panadería,Galletitas de agua,6800.0,0.42,420,9.5,68.0,12.0,2026-09-28,2026-09-28 12:40:10,6800.0,0,0.0,Proxy (Referencia INDEC),58.800000000000004,1.33,9.520000000000001,1.68,2856.0,8825.039999999999
Panadería,Galletitas dulces,7500.0,0.21,450,6.5,72.0,15.0,2026-09-28,2026-09-28 12:40:10,7500.0,0,0.0,Proxy (Referencia INDEC),31.5,0.455,5.04,1.05,1575.0,4866.75
Almacén,Arroz blanco,3800.0,1.2,354,7.0,78.0,0.6,2026-09-28,2026-09-28 12:40:10,3800.0,0,0.0,Proxy (Referencia INDEC),141.6,2.8000000000000003,31.200000000000003,0.24,4560.0,14090.4
Almacén,Harina de trigo 000,2200.0,1.08,340,10.0,72.0,1.2,2026-09-28,2026-09-28 12:40:10,2200.0,0,0.0,Proxy (Referencia INDEC),122.39999999999999,3.6,25.919999999999998,0.432,2376.0,7341.839999999999
Almacén,Harina de maíz / Polenta,2800.0,0.21,350,8.0,76.0,1.0,2026-09-28,2026-09-28 12:40:10,2800.0,0,0.0,Proxy (Referencia INDEC),24.5,0.56,5.32,0.07,588.0,1816.9199999999998
Almacén,Fideos secos,3800.0,1.74,355,12.0,73.0,1.5,2026-09-28,2026-09-28 12:40:10,3800.0,0,0.0,Proxy (Referencia INDEC),205.89999999999998,6.96,42.339999999999996,0.87,6612.0,20431.079999999998
Frutas y Verduras,Papa blanca,1800.0,6.51,80,2.0,18.0,0.1,2026-09-28,2026-09-28 12:40:10,1800.0,0,0.0,Proxy (Referencia INDEC),173.60000000000002,4.34,39.059999999999995,0.217,11718.0,36208.619999999995
Frutas y Verduras,Batata,2500.0,0.51,86,1.6,20.0,0.1,2026-09-28,2026-09-28 12:40:10,2500.0,0,0.0,Proxy (Referencia INDEC),14.62,0.272,3.4000000000000004,0.017,1275.0,3939.75
Frutas y Verduras,Cebolla,2200.0,1.146,40,1.1,9.0,0.1,2026-09-28,2026-09-28 12:40:10,2200.0,0,0.0,Proxy (Referencia INDEC),15.280000000000001,0.4202000000000001,3.438,0.038200000000000005,2521.2,7790.507999999999
Frutas y Verduras,Tomate,2200.0,1.146,18,0.9,3.9,0.2,2026-09-28,2026-09-28 12:40:10,2200.0,0,0.0,Proxy (Referencia INDEC),6.876,0.34380000000000005,1.4898,0.07640000000000001,2521.2,7790.507999999999
Frutas y Verduras,Zanahoria,2200.0,1.146,41,0.9,9.6,0.2,2026-09-28,2026-09-28 12:40:10,2200.0,0,0.0,Proxy (Referencia INDEC),15.662,0.34380000000000005,3.6672000000000002,0.07640000000000001,2521.2,7790.507999999999
Frutas y Verduras,Zapallo,2200.0,1.146,26,1.0,6.5,0.1,2026-09-28,2026-09-28 12:40:10,2200.0,0,0.0,Proxy (Referencia INDEC),9.932,0.38200000000000006,2.483,0.038200000000000005,2521.2,7790.507999999999
Frutas y Verduras,Acelga,2200.0,1.146,19,1.8,3.7,0.2,2026-09-28,2026-09-28 12:40:10,2200.0,0,0.0,Proxy (Referencia INDEC),7.258000000000001,0.6876000000000001,1.4134000000000002,0.07640000000000001,2521.2,7790.507999999999
Frutas y Verduras,Manzana,2800.0,1.2375,52,0.3,13.8,0.2,2026-09-28,2026-09-28 12:40:10,2800.0,0,0.0,Proxy (Referencia INDEC),21.45,0.12375,5.692500000000001,0.0825,3465.0,10706.85
Frutas y Verduras,Naranja,2800.0,1.2375,47,0.9,11.8,0.1,2026-09-28,2026-09-28 12:40:10,2800.0,0,0.0,Proxy (Referencia INDEC),19.3875,0.37125,4.867500000000001,0.04125,3465.0,10706.85
Frutas y Verduras,Banana,2800.0,1.2375,89,1.1,22.8,0.3,2026-09-28,2026-09-28 12:40:10,2800.0,0,0.0,Proxy (Referencia INDEC),36.7125,0.45375000000000004,9.405000000000001,0.12375,3465.0,10706.85
Frutas y Verduras,Pera,2800.0,1.2375,57,0.4,15.0,0.1,2026-09-28,2026-09-28 12:40:10,2800.0,0,0.0,Proxy (Referencia INDEC),23.5125,0.165,6.1875,0.04125,3465.0,10706.85
Almacén,Azúcar,2000.0,1.23,387,0.0,100.0,0.0,2026-09-28,2026-09-28 12:40:10,2000.0,0,0.0,Proxy (Referencia INDEC),158.67000000000002,0.0,41.0,0.0,2460.0,7601.4
Almacén,Dulce de leche,6500.0,0.11,315,7.0,55.0,7.0,2026-09-28,2026-09-28 12:40:10,6500.0,0,0.0,Proxy (Referencia INDEC),11.549999999999999,0.25666666666666665,2.0166666666666666,0.25666666666666665,715.0,2209.35
Almacén,Mermelada,6500.0,0.11,260,0.5,65.0,0.1,2026-09-28,2026-09-28 12:40:10,6500.0,0,0.0,Proxy (Referencia INDEC),9.533333333333333,0.018333333333333333,2.3833333333333333,0.0036666666666666666,715.0,2209.35
Almacén,Dulce de batata,6500.0,0.11,255,0.5,63.0,0.1,2026-09-28,2026-09-28 12:40:10,6500.0,0,0.0,Proxy (Referencia INDEC),9.35,0.018333333333333333,2.31,0.0036666666666666666,715.0,2209.35
Almacén,Lentejas,4200.0,0.12,340,24.0,60.0,1.0,2026-09-28,2026-09-28 12:40:10,4200.0,0,0.0,Proxy (Referencia INDEC),13.6,0.96,2.4,0.04,504.0,1557.36
Almacén,Arvejas,4200.0,0.12,340,22.0,60.0,1.2,2026-09-28,2026-09-28 12:40:10,4200.0,0,0.0,Proxy (Referencia INDEC),13.6,0.88,2.4,0.048,504.0,1557.36
Carnes,Asado,13500.0,1.045,250,18.0,0.0,20.0,2026-09-28,2026-09-28 12:40:10,13500.0,0,0.0,Proxy (Referencia INDEC),87.08333333333334,6.2700000000000005,0.0,6.966666666666668,14107.499999999998,43592.174999999996
Carnes,Carne picada,13500.0,1.045,210,19.0,0.0,15.0,2026-09-28,2026-09-28 12:40:10,13500.0,0,0.0,Proxy (Referencia INDEC),73.15,6.618333333333334,0.0,5.2250000000000005,14107.499999999998,43592.174999999996
Carnes,Paleta,13500.0,1.045,170,20.0,0.0,10.0,2026-09-28,2026-09-28 12:40:10,13500.0,0,0.0,Proxy (Referencia INDEC),59.21666666666667,6.966666666666668,0.0,3.483333333333334,14107.499999999998,43592.174999999996
Carnes,Nalga,13500.0,1.045,140,21.0,0.0,5.0,2026-09-28,2026-09-28 12:40:10,13500.0,0,0.0,Proxy (Referencia INDEC),48.766666666666666,7.315,0.0,1.741666666666667,14107.499999999998,43592.174999999996
Carnes,Pollo entero,13500.0,1.045,215,18.0,0.0,15.0,2026-09-28,2026-09-28 12:40:10,13500.0,0,0.0,Proxy (Referencia INDEC),74.89166666666667,6.2700000000000005,0.0,5.2250000000000005,14107.499999999998,43592.174999999996
Carnes,Pescado,13500.0,1.045,90,18.0,0.0,1.5,2026-09-28,2026-09-28 12:40:10,13500.0,0,0.0,Proxy (Referencia INDEC),31.35,6.2700000000000005,0.0,0.5225,14107.499999999998,43592.174999999996
Carnes,Hígado,5500.0,0.27,135,20.0,3.8,4.0,2026-09-28,2026-09-28 12:40:10,5500.0,0,0.0,Proxy (Referencia INDEC),12.15,1.8,0.34199999999999997,0.36,1485.0,4588.65
Carnes,Paleta cocida,15000.0,0.03,130,18.0,2.0,6.0,2026-09-28,2026-09-28 12:40:10,15000.0,0,0.0,Proxy (Referencia INDEC),1.3,0.18,0.02,0.06,450.0,1390.5
Carnes,Salame,15000.0,0.03,400,20.0,1.0,35.0,2026-09-28,2026-09-28 12:40:10,15000.0,0,0.0,Proxy (Referencia INDEC),4.0,0.2,0.01,0.35,450.0,1390.5
Lácteos y Huevos,Huevos (docena),6000.0,0.6,150,12.5,0.7,10.0,2026-09-28,2026-09-28 12:40:10,6000.0,0,0.0,Proxy (Referencia INDEC),30.0,2.5,0.13999999999999999,2.0,3600.0,11124.0
Lácteos y Huevos,Leche entera,2400.0,9.27,60,3.1,4.7,3.0,2026-09-28,2026-09-28 12:40:10,2400.0,0,0.0,Proxy (Referencia INDEC),185.4,9.579,14.523,9.27,22248.0,68746.31999999999
Lácteos y Huevos,Queso cremoso,16000.0,0.11,300,18.0,1.5,25.0,2026-09-28,2026-09-28 12:40:10,16000.0,0,0.0,Proxy (Referencia INDEC),11.0,0.6599999999999999,0.05499999999999999,0.9166666666666666,1760.0,5438.4
Lácteos y Huevos,Queso cuartirolo,16000.0,0.11,280,19.0,1.5,22.0,2026-09-28,2026-09-28 12:40:10,16000.0,0,0.0,Proxy (Referencia INDEC),10.266666666666666,0.6966666666666667,0.05499999999999999,0.8066666666666666,1760.0,5438.4
Lácteos y Huevos,Queso de rallar,16000.0,0.11,380,33.0,1.5,27.0,2026-09-28,2026-09-28 12:40:10,16000.0,0,0.0,Proxy (Referencia INDEC),13.933333333333332,1.21,0.05499999999999999,0.99,1760.0,5438.4
Lácteos y Huevos,Yogur,3800.0,0.57,65,3.2,9.0,2.5,2026-09-28,2026-09-28 12:40:10,3800.0,0,0.0,Proxy (Referencia INDEC),12.35,0.608,1.71,0.47500000000000003,2166.0,6692.94
Lácteos y Huevos,Manteca,16000.0,0.06,717,0.9,0.1,81.0,2026-09-28,2026-09-28 12:40:10,16000.0,0,0.0,Proxy (Referencia INDEC),14.34,0.018000000000000002,0.002,1.62,960.0,2966.3999999999996
Almacén,Aceite de girasol,4800.0,1.2,884,0.0,0.0,100.0,2026-09-28,2026-09-28 12:40:10,4800.0,0,0.0,Proxy (Referencia INDEC),353.6,0.0,0.0,40.0,5760.0,17798.399999999998
Bebidas,Gaseosa,3200.0,1.15,40,0.0,10.0,0.0,2026-09-28,2026-09-28 12:40:10,3200.0,0,0.0,Proxy (Referencia INDEC),15.333333333333336,0.0,3.833333333333334,0.0,3679.9999999999995,11371.199999999999
Bebidas,Jugo,3200.0,1.15,35,0.0,9.0,0.0,2026-09-28,2026-09-28 12:40:10,3200.0,0,0.0,Proxy (Referencia INDEC),13.416666666666666,0.0,3.45,0.0,3679.9999999999995,11371.199999999999
Bebidas,Soda,3200.0,1.15,0,0.0,0.0,0.0,2026-09-28,2026-09-28 12:40:10,3200.0,0,0.0,Proxy (Referencia INDEC),0.0,0.0,0.0,0.0,3679.9999999999995,11371.199999999999
Bebidas,Cerveza,4500.0,0.54,43,0.5,3.5,0.0,2026-09-28,2026-09-28 12:40:10,4500.0,0,0.0,Proxy (Referencia INDEC),7.74,0.09,0.6300000000000001,0.0,2430.0,7508.7
Bebidas,Vino,4500.0,0.54,85,0.1,2.5,0.0,2026-09-28,2026-09-28 12:40:10,4500.0,0,0.0,Proxy (Referencia INDEC),15.299999999999999,0.018000000000000002,0.45,0.0,2430.0,7508.7
Almacén,Sal fina,1500.0,0.12,0,0.0,0.0,0.0,2026-09-28,2026-09-28 12:40:10,1500.0,0,0.0,Proxy (Referencia INDEC),0.0,0.0,0.0,0.0,180.0,556.1999999999999
Almacén,Mayonesa,7500.0,0.06,680,1.0,3.0,75.0,2026-09-28,2026-09-28 12:40:10,7500.0,0,0.0,Proxy (Referencia INDEC),13.6,0.02,0.06,1.5,450.0,1390.5
Almacén,Caldo en cubo / Polvo,7500.0,0.06,250,10.0,25.0,10.0,2026-09-28,2026-09-28 12:40:10,7500.0,0,0.0,Proxy (Referencia INDEC),5.0,0.2,0.5,0.2,450.0,1390.5
Almacén,Vinagre,2200.0,0.06,18,0.0,0.1,0.0,2026-09-28,2026-09-28 12:40:10,2200.0,0,0.0,Proxy (Referencia INDEC),0.36,0.0,0.002,0.0,132.0,407.88
Almacén,Café,32000.0,0.03,200,14.0,40.0,0.2,2026-09-28,2026-09-28 12:40:10,32000.0,0,0.0,Proxy (Referencia INDEC),2.0,0.14,0.4,0.002,960.0,2966.3999999999996
Almacén,Yerba mate,6500.0,0.51,30,1.0,6.0,0.0,2026-09-28,2026-09-28 12:40:10,6500.0,0,0.0,Proxy (Referencia INDEC),5.1,0.17,1.02,0.0,3315.0,10243.35
Panadería,Pan francés,4500.0,6.75,265,9.0,55.0,1.2,2026-09-28,2026-09-28 13:22:14,4500.0,0,0.0,Proxy (Referencia INDEC),596.25,20.25,123.75000000000001,2.7,30375.0,93858.75
Panadería,Galletitas de agua,6800.0,0.42,420,9.5,68.0,12.0,2026-09-28,2026-09-28 13:22:14,6800.0,0,0.0,Proxy (Referencia INDEC),58.800000000000004,1.33,9.520000000000001,1.68,2856.0,8825.039999999999
Panadería,Galletitas dulces,7500.0,0.21,450,6.5,72.0,15.0,2026-09-28,2026-09-28 13:22:14,7500.0,0,0.0,Proxy (Referencia INDEC),31.5,0.455,5.04,1.05,1575.0,4866.75
Almacén,Arroz blanco,3800.0,1.2,354,7.0,78.0,0.6,2026-09-28,2026-09-28 13:22:14,3800.0,0,0.0,Proxy (Referencia INDEC),141.6,2.8000000000000003,31.200000000000003,0.24,4560.0,14090.4
Almacén,Harina de trigo 000,2200.0,1.08,340,10.0,72.0,1.2,2026-09-28,2026-09-28 13:22:14,2200.0,0,0.0,Proxy (Referencia INDEC),122.39999999999999,3.6,25.919999999999998,0.432,2376.0,7341.839999999999
Almacén,Harina de maíz / Polenta,2800.0,0.21,350,8.0,76.0,1.0,2026-09-28,2026-09-28 13:22:14,2800.0,0,0.0,Proxy (Referencia INDEC),24.5,0.56,5.32,0.07,588.0,1816.9199999999998
Almacén,Fideos secos,3800.0,1.74,355,12.0,73.0,1.5,2026-09-28,2026-09-28 13:22:14,3800.0,0,0.0,Proxy (Referencia INDEC),205.89999999999998,6.96,42.339999999999996,0.87,6612.0,20431.079999999998
Frutas y Verduras,Papa blanca,1800.0,6.51,80,2.0,18.0,0.1,2026-09-28,2026-09-28 13:22:14,1800.0,0,0.0,Proxy (Referencia INDEC),173.60000000000002,4.34,39.059999999999995,0.217,11718.0,36208.619999999995
Frutas y Verduras,Batata,2500.0,0.51,86,1.6,20.0,0.1,2026-09-28,2026-09-28 13:22:14,2500.0,0,0.0,Proxy (Referencia INDEC),14.62,0.272,3.4000000000000004,0.017,1275.0,3939.75
Frutas y Verduras,Cebolla,2200.0,1.146,40,1.1,9.0,0.1,2026-09-28,2026-09-28 13:22:14,2200.0,0,0.0,Proxy (Referencia INDEC),15.280000000000001,0.4202000000000001,3.438,0.038200000000000005,2521.2,7790.507999999999
Frutas y Verduras,Tomate,2200.0,1.146,18,0.9,3.9,0.2,2026-09-28,2026-09-28 13:22:14,2200.0,0,0.0,Proxy (Referencia INDEC),6.876,0.34380000000000005,1.4898,0.07640000000000001,2521.2,7790.507999999999
Frutas y Verduras,Zanahoria,2200.0,1.146,41,0.9,9.6,0.2,2026-09-28,2026-09-28 13:22:14,2200.0,0,0.0,Proxy (Referencia INDEC),15.662,0.34380000000000005,3.6672000000000002,0.07640000000000001,2521.2,7790.507999999999
Frutas y Verduras,Zapallo,2200.0,1.146,26,1.0,6.5,0.1,2026-09-28,2026-09-28 13:22:14,2200.0,0,0.0,Proxy (Referencia INDEC),9.932,0.38200000000000006,2.483,0.038200000000000005,2521.2,7790.507999999999
Frutas y Verduras,Acelga,2200.0,1.146,19,1.8,3.7,0.2,2026-09-28,2026-09-28 13:22:14,2200.0,0,0.0,Proxy (Referencia INDEC),7.258000000000001,0.6876000000000001,1.4134000000000002,0.07640000000000001,2521.2,7790.507999999999
Frutas y Verduras,Manzana,2800.0,1.2375,52,0.3,13.8,0.2,2026-09-28,2026-09-28 13:22:14,2800.0,0,0.0,Proxy (Referencia INDEC),21.45,0.12375,5.692500000000001,0.0825,3465.0,10706.85
Frutas y Verduras,Naranja,2800.0,1.2375,47,0.9,11.8,0.1,2026-09-28,2026-09-28 13:22:14,2800.0,0,0.0,Proxy (Referencia INDEC),19.3875,0.37125,4.867500000000001,0.04125,3465.0,10706.85
Frutas y Verduras,Banana,2800.0,1.2375,89,1.1,22.8,0.3,2026-09-28,2026-09-28 13:22:14,2800.0,0,0.0,Proxy (Referencia INDEC),36.7125,0.45375000000000004,9.405000000000001,0.12375,3465.0,10706.85
Frutas y Verduras,Pera,2800.0,1.2375,57,0.4,15.0,0.1,2026-09-28,2026-09-28 13:22:14,2800.0,0,0.0,Proxy (Referencia INDEC),23.5125,0.165,6.1875,0.04125,3465.0,10706.85
Almacén,Azúcar,2000.0,1.23,387,0.0,100.0,0.0,2026-09-28,2026-09-28 13:22:14,2000.0,0,0.0,Proxy (Referencia INDEC),158.67000000000002,0.0,41.0,0.0,2460.0,7601.4
Almacén,Dulce de leche,6500.0,0.11,315,7.0,55.0,7.0,2026-09-28,2026-09-28 13:22:14,6500.0,0,0.0,Proxy (Referencia INDEC),11.549999999999999,0.25666666666666665,2.0166666666666666,0.25666666666666665,715.0,2209.35
Almacén,Mermelada,6500.0,0.11,260,0.5,65.0,0.1,2026-09-28,2026-09-28 13:22:14,6500.0,0,0.0,Proxy (Referencia INDEC),9.533333333333333,0.018333333333333333,2.3833333333333333,0.0036666666666666666,715.0,2209.35
Almacén,Dulce de batata,6500.0,0.11,255,0.5,63.0,0.1,2026-09-28,2026-09-28 13:22:14,6500.0,0,0.0,Proxy (Referencia INDEC),9.35,0.018333333333333333,2.31,0.0036666666666666666,715.0,2209.35
Almacén,Lentejas,4200.0,0.12,340,24.0,60.0,1.0,2026-09-28,2026-09-28 13:22:14,4200.0,0,0.0,Proxy (Referencia INDEC),13.6,0.96,2.4,0.04,504.0,1557.36
Almacén,Arvejas,4200.0,0.12,340,22.0,60.0,1.2,2026-09-28,2026-09-28 13:22:14,4200.0,0,0.0,Proxy (Referencia INDEC),13.6,0.88,2.4,0.048,504.0,1557.36
Carnes,Asado,13500.0,1.045,250,18.0,0.0,20.0,2026-09-28,2026-09-28 13:22:14,13500.0,0,0.0,Proxy (Referencia INDEC),87.08333333333334,6.2700000000000005,0.0,6.966666666666668,14107.499999999998,43592.174999999996
Carnes,Carne picada,13500.0,1.045,210,19.0,0.0,15.0,2026-09-28,2026-09-28 13:22:14,13500.0,0,0.0,Proxy (Referencia INDEC),73.15,6.618333333333334,0.0,5.2250000000000005,14107.499999999998,43592.174999999996
Carnes,Paleta,13500.0,1.045,170,20.0,0.0,10.0,2026-09-28,2026-09-28 13:22:14,13500.0,0,0.0,Proxy (Referencia INDEC),59.21666666666667,6.966666666666668,0.0,3.483333333333334,14107.499999999998,43592.174999999996
Carnes,Nalga,13500.0,1.045,140,21.0,0.0,5.0,2026-09-28,2026-09-28 13:22:14,13500.0,0,0.0,Proxy (Referencia INDEC),48.766666666666666,7.315,0.0,1.741666666666667,14107.499999999998,43592.174999999996
Carnes,Pollo entero,13500.0,1.045,215,18.0,0.0,15.0,2026-09-28,2026-09-28 13:22:14,13500.0,0,0.0,Proxy (Referencia INDEC),74.89166666666667,6.2700000000000005,0.0,5.2250000000000005,14107.499999999998,43592.174999999996
Carnes,Pescado,13500.0,1.045,90,18.0,0.0,1.5,2026-09-28,2026-09-28 13:22:14,13500.0,0,0.0,Proxy (Referencia INDEC),31.35,6.2700000000000005,0.0,0.5225,14107.499999999998,43592.174999999996
Carnes,Hígado,5500.0,0.27,135,20.0,3.8,4.0,2026-09-28,2026-09-28 13:22:14,5500.0,0,0.0,Proxy (Referencia INDEC),12.15,1.8,0.34199999999999997,0.36,1485.0,4588.65
Carnes,Paleta cocida,15000.0,0.03,130,18.0,2.0,6.0,2026-09-28,2026-09-28 13:22:14,15000.0,0,0.0,Proxy (Referencia INDEC),1.3,0.18,0.02,0.06,450.0,1390.5
Carnes,Salame,15000.0,0.03,400,20.0,1.0,35.0,2026-09-28,2026-09-28 13:22:14,15000.0,0,0.0,Proxy (Referencia INDEC),4.0,0.2,0.01,0.35,450.0,1390.5
Lácteos y Huevos,Huevos (docena),6000.0,0.6,150,12.5,0.7,10.0,2026-09-28,2026-09-28 13:22:14,6000.0,0,0.0,Proxy (Referencia INDEC),30.0,2.5,0.13999999999999999,2.0,3600.0,11124.0
Lácteos y Huevos,Leche entera,2400.0,9.27,60,3.1,4.7,3.0,2026-09-28,2026-09-28 13:22:14,2400.0,0,0.0,Proxy (Referencia INDEC),185.4,9.579,14.523,9.27,22248.0,68746.31999999999
Lácteos y Huevos,Queso cremoso,16000.0,0.11,300,18.0,1.5,25.0,2026-09-28,2026-09-28 13:22:14,16000.0,0,0.0,Proxy (Referencia INDEC),11.0,0.6599999999999999,0.05499999999999999,0.9166666666666666,1760.0,5438.4
Lácteos y Huevos,Queso cuartirolo,16000.0,0.11,280,19.0,1.5,22.0,2026-09-28,2026-09-28 13:22:14,16000.0,0,0.0,Proxy (Referencia INDEC),10.266666666666666,0.6966666666666667,0.05499999999999999,0.8066666666666666,1760.0,5438.4
Lácteos y Huevos,Queso de rallar,16000.0,0.11,380,33.0,1.5,27.0,2026-09-28,2026-09-28 13:22:14,16000.0,0,0.0,Proxy (Referencia INDEC),13.933333333333332,1.21,0.05499999999999999,0.99,1760.0,5438.4
Lácteos y Huevos,Yogur,3800.0,0.57,65,3.2,9.0,2.5,2026-09-28,2026-09-28 13:22:14,3800.0,0,0.0,Proxy (Referencia INDEC),12.35,0.608,1.71,0.47500000000000003,2166.0,6692.94
Lácteos y Huevos,Manteca,16000.0,0.06,717,0.9,0.1,81.0,2026-09-28,2026-09-28 13:22:14,16000.0,0,0.0,Proxy (Referencia INDEC),14.34,0.018000000000000002,0.002,1.62,960.0,2966.3999999999996
Almacén,Aceite de girasol,4800.0,1.2,884,0.0,0.0,100.0,2026-09-28,2026-09-28 13:22:14,4800.0,0,0.0,Proxy (Referencia INDEC),353.6,0.0,0.0,40.0,5760.0,17798.399999999998
Bebidas,Gaseosa,3200.0,1.15,40,0.0,10.0,0.0,2026-09-28,2026-09-28 13:22:14,3200.0,0,0.0,Proxy (Referencia INDEC),15.333333333333336,0.0,3.833333333333334,0.0,3679.9999999999995,11371.199999999999
Bebidas,Jugo,3200.0,1.15,35,0.0,9.0,0.0,2026-09-28,2026-09-28 13:22:14,3200.0,0,0.0,Proxy (Referencia INDEC),13.416666666666666,0.0,3.45,0.0,3679.9999999999995,11371.199999999999
Bebidas,Soda,3200.0,1.15,0,0.0,0.0,0.0,2026-09-28,2026-09-28 13:22:14,3200.0,0,0.0,Proxy (Referencia INDEC),0.0,0.0,0.0,0.0,3679.9999999999995,11371.199999999999
Bebidas,Cerveza,4500.0,0.54,43,0.5,3.5,0.0,2026-09-28,2026-09-28 13:22:14,4500.0,0,0.0,Proxy (Referencia INDEC),7.74,0.09,0.6300000000000001,0.0,2430.0,7508.7
Bebidas,Vino,4500.0,0.54,85,0.1,2.5,0.0,2026-09-28,2026-09-28 13:22:14,4500.0,0,0.0,Proxy (Referencia INDEC),15.299999999999999,0.018000000000000002,0.45,0.0,2430.0,7508.7
Almacén,Sal fina,1500.0,0.12,0,0.0,0.0,0.0,2026-09-28,2026-09-28 13:22:14,1500.0,0,0.0,Proxy (Referencia INDEC),0.0,0.0,0.0,0.0,180.0,556.1999999999999
Almacén,Mayonesa,7500.0,0.06,680,1.0,3.0,75.0,2026-09-28,2026-09-28 13:22:14,7500.0,0,0.0,Proxy (Referencia INDEC),13.6,0.02,0.06,1.5,450.0,1390.5
Almacén,Caldo en cubo / Polvo,7500.0,0.06,250,10.0,25.0,10.0,2026-09-28,2026-09-28 13:22:14,7500.0,0,0.0,Proxy (Referencia INDEC),5.0,0.2,0.5,0.2,450.0,1390.5
Almacén,Vinagre,2200.0,0.06,18,0.0,0.1,0.0,2026-09-28,2026-09-28 13:22:14,2200.0,0,0.0,Proxy (Referencia INDEC),0.36,0.0,0.002,0.0,132.0,407.88
Almacén,Café,32000.0,0.03,200,14.0,40.0,0.2,2026-09-28,2026-09-28 13:22:14,32000.0,0,0.0,Proxy (Referencia INDEC),2.0,0.14,0.4,0.002,960.0,2966.3999999999996
Almacén,Yerba mate,6500.0,0.51,30,1.0,6.0,0.0,2026-09-28,2026-09-28 13:22:14,6500.0,0,0.0,Proxy (Referencia INDEC),5.1,0.17,1.02,0.0,3315.0,10243.35
Panadería,Pan francés,4500.0,6.75,265,9.0,55.0,1.2,2026-09-28,2026-09-28 18:18:07,4500.0,0,0.0,Proxy (Referencia INDEC),596.25,20.25,123.75000000000001,2.7,30375.0,93858.75
Panadería,Galletitas de agua,6800.0,0.42,420,9.5,68.0,12.0,2026-09-28,2026-09-28 18:18:07,6800.0,0,0.0,Proxy (Referencia INDEC),58.800000000000004,1.33,9.520000000000001,1.68,2856.0,8825.039999999999
Panadería,Galletitas dulces,7500.0,0.21,450,6.5,72.0,15.0,2026-09-28,2026-09-28 18:18:07,7500.0,0,0.0,Proxy (Referencia INDEC),31.5,0.455,5.04,1.05,1575.0,4866.75
Almacén,Arroz blanco,3800.0,1.2,354,7.0,78.0,0.6,2026-09-28,2026-09-28 18:18:07,3800.0,0,0.0,Proxy (Referencia INDEC),141.6,2.8000000000000003,31.200000000000003,0.24,4560.0,14090.4
Almacén,Harina de trigo 000,2200.0,1.08,340,10.0,72.0,1.2,2026-09-28,2026-09-28 18:18:07,2200.0,0,0.0,Proxy (Referencia INDEC),122.39999999999999,3.6,25.919999999999998,0.432,2376.0,7341.839999999999
Almacén,Harina de maíz / Polenta,2800.0,0.21,350,8.0,76.0,1.0,2026-09-28,2026-09-28 18:18:07,2800.0,0,0.0,Proxy (Referencia INDEC),24.5,0.56,5.32,0.07,588.0,1816.9199999999998
Almacén,Fideos secos,3800.0,1.74,355,12.0,73.0,1.5,2026-09-28,2026-09-28 18:18:07,3800.0,0,0.0,Proxy (Referencia INDEC),205.89999999999998,6.96,42.339999999999996,0.87,6612.0,20431.079999999998
Frutas y Verduras,Papa blanca,1800.0,6.51,80,2.0,18.0,0.1,2026-09-28,2026-09-28 18:18:07,1800.0,0,0.0,Proxy (Referencia INDEC),173.60000000000002,4.34,39.059999999999995,0.217,11718.0,36208.619999999995
Frutas y Verduras,Batata,2500.0,0.51,86,1.6,20.0,0.1,2026-09-28,2026-09-28 18:18:07,2500.0,0,0.0,Proxy (Referencia INDEC),14.62,0.272,3.4000000000000004,0.017,1275.0,3939.75
Frutas y Verduras,Cebolla,2200.0,1.146,40,1.1,9.0,0.1,2026-09-28,2026-09-28 18:18:07,2200.0,0,0.0,Proxy (Referencia INDEC),15.280000000000001,0.4202000000000001,3.438,0.038200000000000005,2521.2,7790.507999999999
Frutas y Verduras,Tomate,2200.0,1.146,18,0.9,3.9,0.2,2026-09-28,2026-09-28 18:18:07,2200.0,0,0.0,Proxy (Referencia INDEC),6.876,0.34380000000000005,1.4898,0.07640000000000001,2521.2,7790.507999999999
Frutas y Verduras,Zanahoria,2200.0,1.146,41,0.9,9.6,0.2,2026-09-28,2026-09-28 18:18:07,2200.0,0,0.0,Proxy (Referencia INDEC),15.662,0.34380000000000005,3.6672000000000002,0.07640000000000001,2521.2,7790.507999999999
Frutas y Verduras,Zapallo,2200.0,1.146,26,1.0,6.5,0.1,2026-09-28,2026-09-28 18:18:07,2200.0,0,0.0,Proxy (Referencia INDEC),9.932,0.38200000000000006,2.483,0.038200000000000005,2521.2,7790.507999999999
Frutas y Verduras,Acelga,2200.0,1.146,19,1.8,3.7,0.2,2026-09-28,2026-09-28 18:18:07,2200.0,0,0.0,Proxy (Referencia INDEC),7.258000000000001,0.6876000000000001,1.4134000000000002,0.07640000000000001,2521.2,7790.507999999999
Frutas y Verduras,Manzana,2800.0,1.2375,52,0.3,13.8,0.2,2026-09-28,2026-09-28 18:18:07,2800.0,0,0.0,Proxy (Referencia INDEC),21.45,0.12375,5.692500000000001,0.0825,3465.0,10706.85
Frutas y Verduras,Naranja,2800.0,1.2375,47,0.9,11.8,0.1,2026-09-28,2026-09-28 18:18:07,2800.0,0,0.0,Proxy (Referencia INDEC),19.3875,0.37125,4.867500000000001,0.04125,3465.0,10706.85
Frutas y Verduras,Banana,2800.0,1.2375,89,1.1,22.8,0.3,2026-09-28,2026-09-28 18:18:07,2800.0,0,0.0,Proxy (Referencia INDEC),36.7125,0.45375000000000004,9.405000000000001,0.12375,3465.0,10706.85
Frutas y Verduras,Pera,2800.0,1.2375,57,0.4,15.0,0.1,2026-09-28,2026-09-28 18:18:07,2800.0,0,0.0,Proxy (Referencia INDEC),23.5125,0.165,6.1875,0.04125,3465.0,10706.85
Almacén,Azúcar,2000.0,1.23,387,0.0,100.0,0.0,2026-09-28,2026-09-28 18:18:07,2000.0,0,0.0,Proxy (Referencia INDEC),158.67000000000002,0.0,41.0,0.0,2460.0,7601.4
Almacén,Dulce de leche,6500.0,0.11,315,7.0,55.0,7.0,2026-09-28,2026-09-28 18:18:07,6500.0,0,0.0,Proxy (Referencia INDEC),11.549999999999999,0.25666666666666665,2.0166666666666666,0.25666666666666665,715.0,2209.35
Almacén,Mermelada,6500.0,0.11,260,0.5,65.0,0.1,2026-09-28,2026-09-28 18:18:07,6500.0,0,0.0,Proxy (Referencia INDEC),9.533333333333333,0.018333333333333333,2.3833333333333333,0.0036666666666666666,715.0,2209.35
Almacén,Dulce de batata,6500.0,0.11,255,0.5,63.0,0.1,2026-09-28,2026-09-28 18:18:07,6500.0,0,0.0,Proxy (Referencia INDEC),9.35,0.018333333333333333,2.31,0.0036666666666666666,715.0,2209.35
Almacén,Lentejas,4200.0,0.12,340,24.0,60.0,1.0,2026-09-28,2026-09-28 18:18:07,4200.0,0,0.0,Proxy (Referencia INDEC),13.6,0.96,2.4,0.04,504.0,1557.36
Almacén,Arvejas,4200.0,0.12,340,22.0,60.0,1.2,2026-09-28,2026-09-28 18:18:07,4200.0,0,0.0,Proxy (Referencia INDEC),13.6,0.88,2.4,0.048,504.0,1557.36
Carnes,Asado,13500.0,1.045,250,18.0,0.0,20.0,2026-09-28,2026-09-28 18:18:07,13500.0,0,0.0,Proxy (Referencia INDEC),87.08333333333334,6.2700000000000005,0.0,6.966666666666668,14107.499999999998,43592.174999999996
Carnes,Carne picada,13500.0,1.045,210,19.0,0.0,15.0,2026-09-28,2026-09-28 18:18:07,13500.0,0,0.0,Proxy (Referencia INDEC),73.15,6.618333333333334,0.0,5.2250000000000005,14107.499999999998,43592.174999999996
Carnes,Paleta,13500.0,1.045,170,20.0,0.0,10.0,2026-09-28,2026-09-28 18:18:07,13500.0,0,0.0,Proxy (Referencia INDEC),59.21666666666667,6.966666666666668,0.0,3.483333333333334,14107.499999999998,43592.174999999996
Carnes,Nalga,13500.0,1.045,140,21.0,0.0,5.0,2026-09-28,2026-09-28 18:18:07,13500.0,0,0.0,Proxy (Referencia INDEC),48.766666666666666,7.315,0.0,1.741666666666667,14107.499999999998,43592.174999999996
Carnes,Pollo entero,13500.0,1.045,215,18.0,0.0,15.0,2026-09-28,2026-09-28 18:18:07,13500.0,0,0.0,Proxy (Referencia INDEC),74.89166666666667,6.2700000000000005,0.0,5.2250000000000005,14107.499999999998,43592.174999999996
Carnes,Pescado,13500.0,1.045,90,18.0,0.0,1.5,2026-09-28,2026-09-28 18:18:07,13500.0,0,0.0,Proxy (Referencia INDEC),31.35,6.2700000000000005,0.0,0.5225,14107.499999999998,43592.174999999996
Carnes,Hígado,5500.0,0.27,135,20.0,3.8,4.0,2026-09-28,2026-09-28 18:18:07,5500.0,0,0.0,Proxy (Referencia INDEC),12.15,1.8,0.34199999999999997,0.36,1485.0,4588.65
Carnes,Paleta cocida,15000.0,0.03,130,18.0,2.0,6.0,2026-09-28,2026-09-28 18:18:07,15000.0,0,0.0,Proxy (Referencia INDEC),1.3,0.18,0.02,0.06,450.0,1390.5
Carnes,Salame,15000.0,0.03,400,20.0,1.0,35.0,2026-09-28,2026-09-28 18:18:07,15000.0,0,0.0,Proxy (Referencia INDEC),4.0,0.2,0.01,0.35,450.0,1390.5
Lácteos y Huevos,Huevos (docena),6000.0,0.6,150,12.5,0.7,10.0,2026-09-28,2026-09-28 18:18:07,6000.0,0,0.0,Proxy (Referencia INDEC),30.0,2.5,0.13999999999999999,2.0,3600.0,11124.0
Lácteos y Huevos,Leche entera,2400.0,9.27,60,3.1,4.7,3.0,2026-09-28,2026-09-28 18:18:07,2400.0,0,0.0,Proxy (Referencia INDEC),185.4,9.579,14.523,9.27,22248.0,68746.31999999999
Lácteos y Huevos,Queso cremoso,16000.0,0.11,300,18.0,1.5,25.0,2026-09-28,2026-09-28 18:18:07,16000.0,0,0.0,Proxy (Referencia INDEC),11.0,0.6599999999999999,0.05499999999999999,0.9166666666666666,1760.0,5438.4
Lácteos y Huevos,Queso cuartirolo,16000.0,0.11,280,19.0,1.5,22.0,2026-09-28,2026-09-28 18:18:07,16000.0,0,0.0,Proxy (Referencia INDEC),10.266666666666666,0.6966666666666667,0.05499999999999999,0.8066666666666666,1760.0,5438.4
Lácteos y Huevos,Queso de rallar,16000.0,0.11,380,33.0,1.5,27.0,2026-09-28,2026-09-28 18:18:07,16000.0,0,0.0,Proxy (Referencia INDEC),13.933333333333332,1.21,0.05499999999999999,0.99,1760.0,5438.4
Lácteos y Huevos,Yogur,3800.0,0.57,65,3.2,9.0,2.5,2026-09-28,2026-09-28 18:18:07,3800.0,0,0.0,Proxy (Referencia INDEC),12.35,0.608,1.71,0.47500000000000003,2166.0,6692.94
Lácteos y Huevos,Manteca,16000.0,0.06,717,0.9,0.1,81.0,2026-09-28,2026-09-28 18:18:07,16000.0,0,0.0,Proxy (Referencia INDEC),14.34,0.018000000000000002,0.002,1.62,960.0,2966.3999999999996
Almacén,Aceite de girasol,4800.0,1.2,884,0.0,0.0,100.0,2026-09-28,2026-09-28 18:18:07,4800.0,0,0.0,Proxy (Referencia INDEC),353.6,0.0,0.0,40.0,5760.0,17798.399999999998
Bebidas,Gaseosa,3200.0,1.15,40,0.0,10.0,0.0,2026-09-28,2026-09-28 18:18:07,3200.0,0,0.0,Proxy (Referencia INDEC),15.333333333333336,0.0,3.833333333333334,0.0,3679.9999999999995,11371.199999999999
Bebidas,Jugo,3200.0,1.15,35,0.0,9.0,0.0,2026-09-28,2026-09-28 18:18:07,3200.0,0,0.0,Proxy (Referencia INDEC),13.416666666666666,0.0,3.45,0.0,3679.9999999999995,11371.199999999999
Bebidas,Soda,3200.0,1.15,0,0.0,0.0,0.0,2026-09-28,2026-09-28 18:18:07,3200.0,0,0.0,Proxy (Referencia INDEC),0.0,0.0,0.0,0.0,3679.9999999999995,11371.199999999999
Bebidas,Cerveza,4500.0,0.54,43,0.5,3.5,0.0,2026-09-28,2026-09-28 18:18:07,4500.0,0,0.0,Proxy (Referencia INDEC),7.74,0.09,0.6300000000000001,0.0,2430.0,7508.7
Bebidas,Vino,4500.0,0.54,85,0.1,2.5,0.0,2026-09-28,2026-09-28 18:18:07,4500.0,0,0.0,Proxy (Referencia INDEC),15.299999999999999,0.018000000000000002,0.45,0.0,2430.0,7508.7
Almacén,Sal fina,1500.0,0.12,0,0.0,0.0,0.0,2026-09-28,2026-09-28 18:18:07,1500.0,0,0.0,Proxy (Referencia INDEC),0.0,0.0,0.0,0.0,180.0,556.1999999999999
Almacén,Mayonesa,7500.0,0.06,680,1.0,3.0,75.0,2026-09-28,2026-09-28 18:18:07,7500.0,0,0.0,Proxy (Referencia INDEC),13.6,0.02,0.06,1.5,450.0,1390.5
Almacén,Caldo en cubo / Polvo,7500.0,0.06,250,10.0,25.0,10.0,2026-09-28,2026-09-28 18:18:07,7500.0,0,0.0,Proxy (Referencia INDEC),5.0,0.2,0.5,0.2,450.0,1390.5
Almacén,Vinagre,2200.0,0.06,18,0.0,0.1,0.0,2026-09-28,2026-09-28 18:18:07,2200.0,0,0.0,Proxy (Referencia INDEC),0.36,0.0,0.002,0.0,132.0,407.88
Almacén,Café,32000.0,0.03,200,14.0,40.0,0.2,2026-09-28,2026-09-28 18:18:07,32000.0,0,0.0,Proxy (Referencia INDEC),2.0,0.14,0.4,0.002,960.0,2966.3999999999996
Almacén,Yerba mate,6500.0,0.51,30,1.0,6.0,0.0,2026-09-28,2026-09-28 18:18:07,6500.0,0,0.0,Proxy (Referencia INDEC),5.1,0.17,1.02,0.0,3315.0,10243.35
Panadería,Pan francés,4500.0,6.75,265,9.0,55.0,1.2,2026-09-29,2026-09-29 12:12:11,4500.0,0,0.0,Proxy (Referencia INDEC),596.25,20.25,123.75000000000001,2.7,30375.0,93858.75
Panadería,Galletitas de agua,6800.0,0.42,420,9.5,68.0,12.0,2026-09-29,2026-09-29 12:12:11,6800.0,0,0.0,Proxy (Referencia INDEC),58.800000000000004,1.33,9.520000000000001,1.68,2856.0,8825.039999999999
Panadería,Galletitas dulces,7500.0,0.21,450,6.5,72.0,15.0,2026-09-29,2026-09-29 12:12:11,7500.0,0,0.0,Proxy (Referencia INDEC),31.5,0.455,5.04,1.05,1575.0,4866.75
Almacén,Arroz blanco,3800.0,1.2,354,7.0,78.0,0.6,2026-09-29,2026-09-29 12:12:11,3800.0,0,0.0,Proxy (Referencia INDEC),141.6,2.8000000000000003,31.200000000000003,0.24,4560.0,14090.4
Almacén,Harina de trigo 000,2200.0,1.08,340,10.0,72.0,1.2,2026-09-29,2026-09-29 12:12:11,2200.0,0,0.0,Proxy (Referencia INDEC),122.39999999999999,3.6,25.919999999999998,0.432,2376.0,7341.839999999999
Almacén,Harina de maíz / Polenta,2800.0,0.21,350,8.0,76.0,1.0,2026-09-29,2026-09-29 12:12:11,2800.0,0,0.0,Proxy (Referencia INDEC),24.5,0.56,5.32,0.07,588.0,1816.9199999999998
Almacén,Fideos secos,3800.0,1.74,355,12.0,73.0,1.5,2026-09-29,2026-09-29 12:12:11,3800.0,0,0.0,Proxy (Referencia INDEC),205.89999999999998,6.96,42.339999999999996,0.87,6612.0,20431.079999999998
Frutas y Verduras,Papa blanca,1800.0,6.51,80,2.0,18.0,0.1,2026-09-29,2026-09-29 12:12:11,1800.0,0,0.0,Proxy (Referencia INDEC),173.60000000000002,4.34,39.059999999999995,0.217,11718.0,36208.619999999995
Frutas y Verduras,Batata,2500.0,0.51,86,1.6,20.0,0.1,2026-09-29,2026-09-29 12:12:11,2500.0,0,0.0,Proxy (Referencia INDEC),14.62,0.272,3.4000000000000004,0.017,1275.0,3939.75
Frutas y Verduras,Cebolla,2200.0,1.146,40,1.1,9.0,0.1,2026-09-29,2026-09-29 12:12:11,2200.0,0,0.0,Proxy (Referencia INDEC),15.280000000000001,0.4202000000000001,3.438,0.038200000000000005,2521.2,7790.507999999999
Frutas y Verduras,Tomate,2200.0,1.146,18,0.9,3.9,0.2,2026-09-29,2026-09-29 12:12:11,2200.0,0,0.0,Proxy (Referencia INDEC),6.876,0.34380000000000005,1.4898,0.07640000000000001,2521.2,7790.507999999999
Frutas y Verduras,Zanahoria,2200.0,1.146,41,0.9,9.6,0.2,2026-09-29,2026-09-29 12:12:11,2200.0,0,0.0,Proxy (Referencia INDEC),15.662,0.34380000000000005,3.6672000000000002,0.07640000000000001,2521.2,7790.507999999999
Frutas y Verduras,Zapallo,2200.0,1.146,26,1.0,6.5,0.1,2026-09-29,2026-09-29 12:12:11,2200.0,0,0.0,Proxy (Referencia INDEC),9.932,0.38200000000000006,2.483,0.038200000000000005,2521.2,7790.507999999999
Frutas y Verduras,Acelga,2200.0,1.146,19,1.8,3.7,0.2,2026-09-29,2026-09-29 12:12:11,2200.0,0,0.0,Proxy (Referencia INDEC),7.258000000000001,0.6876000000000001,1.4134000000000002,0.07640000000000001,2521.2,7790.507999999999
Frutas y Verduras,Manzana,2800.0,1.2375,52,0.3,13.8,0.2,2026-09-29,2026-09-29 12:12:11,2800.0,0,0.0,Proxy (Referencia INDEC),21.45,0.12375,5.692500000000001,0.0825,3465.0,10706.85
Frutas y Verduras,Naranja,2800.0,1.2375,47,0.9,11.8,0.1,2026-09-29,2026-09-29 12:12:11,2800.0,0,0.0,Proxy (Referencia INDEC),19.3875,0.37125,4.867500000000001,0.04125,3465.0,10706.85
Frutas y Verduras,Banana,2800.0,1.2375,89,1.1,22.8,0.3,2026-09-29,2026-09-29 12:12:11,2800.0,0,0.0,Proxy (Referencia INDEC),36.7125,0.45375000000000004,9.405000000000001,0.12375,3465.0,10706.85
Frutas y Verduras,Pera,2800.0,1.2375,57,0.4,15.0,0.1,2026-09-29,2026-09-29 12:12:11,2800.0,0,0.0,Proxy (Referencia INDEC),23.5125,0.165,6.1875,0.04125,3465.0,10706.85
Almacén,Azúcar,2000.0,1.23,387,0.0,100.0,0.0,2026-09-29,2026-09-29 12:12:11,2000.0,0,0.0,Proxy (Referencia INDEC),158.67000000000002,0.0,41.0,0.0,2460.0,7601.4
Almacén,Dulce de leche,6500.0,0.11,315,7.0,55.0,7.0,2026-09-29,2026-09-29 12:12:11,6500.0,0,0.0,Proxy (Referencia INDEC),11.549999999999999,0.25666666666666665,2.0166666666666666,0.25666666666666665,715.0,2209.35
Almacén,Mermelada,6500.0,0.11,260,0.5,65.0,0.1,2026-09-29,2026-09-29 12:12:11,6500.0,0,0.0,Proxy (Referencia INDEC),9.533333333333333,0.018333333333333333,2.3833333333333333,0.0036666666666666666,715.0,2209.35
Almacén,Dulce de batata,6500.0,0.11,255,0.5,63.0,0.1,2026-09-29,2026-09-29 12:12:11,6500.0,0,0.0,Proxy (Referencia INDEC),9.35,0.018333333333333333,2.31,0.0036666666666666666,715.0,2209.35
Almacén,Lentejas,4200.0,0.12,340,24.0,60.0,1.0,2026-09-29,2026-09-29 12:12:11,4200.0,0,0.0,Proxy (Referencia INDEC),13.6,0.96,2.4,0.04,504.0,1557.36
Almacén,Arvejas,4200.0,0.12,340,22.0,60.0,1.2,2026-09-29,2026-09-29 12:12:11,4200.0,0,0.0,Proxy (Referencia INDEC),13.6,0.88,2.4,0.048,504.0,1557.36
Carnes,Asado,13500.0,1.045,250,18.0,0.0,20.0,2026-09-29,2026-09-29 12:12:11,13500.0,0,0.0,Proxy (Referencia INDEC),87.08333333333334,6.2700000000000005,0.0,6.966666666666668,14107.499999999998,43592.174999999996
Carnes,Carne picada,13500.0,1.045,210,19.0,0.0,15.0,2026-09-29,2026-09-29 12:12:11,13500.0,0,0.0,Proxy (Referencia INDEC),73.15,6.618333333333334,0.0,5.2250000000000005,14107.499999999998,43592.174999999996
Carnes,Paleta,13500.0,1.045,170,20.0,0.0,10.0,2026-09-29,2026-09-29 12:12:11,13500.0,0,0.0,Proxy (Referencia INDEC),59.21666666666667,6.966666666666668,0.0,3.483333333333334,14107.499999999998,43592.174999999996
Carnes,Nalga,13500.0,1.045,140,21.0,0.0,5.0,2026-09-29,2026-09-29 12:12:11,13500.0,0,0.0,Proxy (Referencia INDEC),48.766666666666666,7.315,0.0,1.741666666666667,14107.499999999998,43592.174999999996
Carnes,Pollo entero,13500.0,1.045,215,18.0,0.0,15.0,2026-09-29,2026-09-29 12:12:11,13500.0,0,0.0,Proxy (Referencia INDEC),74.89166666666667,6.2700000000000005,0.0,5.2250000000000005,14107.499999999998,43592.174999999996
Carnes,Pescado,13500.0,1.045,90,18.0,0.0,1.5,2026-09-29,2026-09-29 12:12:11,13500.0,0,0.0,Proxy (Referencia INDEC),31.35,6.2700000000000005,0.0,0.5225,14107.499999999998,43592.174999999996
Carnes,Hígado,5500.0,0.27,135,20.0,3.8,4.0,2026-09-29,2026-09-29 12:12:11,5500.0,0,0.0,Proxy (Referencia INDEC),12.15,1.8,0.34199999999999997,0.36,1485.0,4588.65
Carnes,Paleta cocida,15000.0,0.03,130,18.0,2.0,6.0,2026-09-29,2026-09-29 12:12:11,15000.0,0,0.0,Proxy (Referencia INDEC),1.3,0.18,0.02,0.06,450.0,1390.5
Carnes,Salame,15000.0,0.03,400,20.0,1.0,35.0,2026-09-29,2026-09-29 12:12:11,15000.0,0,0.0,Proxy (Referencia INDEC),4.0,0.2,0.01,0.35,450.0,1390.5
Lácteos y Huevos,Huevos (docena),6000.0,0.6,150,12.5,0.7,10.0,2026-09-29,2026-09-29 12:12:11,6000.0,0,0.0,Proxy (Referencia INDEC),30.0,2.5,0.13999999999999999,2.0,3600.0,11124.0
Lácteos y Huevos,Leche entera,2400.0,9.27,60,3.1,4.7,3.0,2026-09-29,2026-09-29 12:12:11,2400.0,0,0.0,Proxy (Referencia INDEC),185.4,9.579,14.523,9.27,22248.0,68746.31999999999
Lácteos y Huevos,Queso cremoso,16000.0,0.11,300,18.0,1.5,25.0,2026-09-29,2026-09-29 12:12:11,16000.0,0,0.0,Proxy (Referencia INDEC),11.0,0.6599999999999999,0.05499999999999999,0.9166666666666666,1760.0,5438.4
Lácteos y Huevos,Queso cuartirolo,16000.0,0.11,280,19.0,1.5,22.0,2026-09-29,2026-09-29 12:12:11,16000.0,0,0.0,Proxy (Referencia INDEC),10.266666666666666,0.6966666666666667,0.05499999999999999,0.8066666666666666,1760.0,5438.4
Lácteos y Huevos,Queso de rallar,16000.0,0.11,380,33.0,1.5,27.0,2026-09-29,2026-09-29 12:12:11,16000.0,0,0.0,Proxy (Referencia INDEC),13.933333333333332,1.21,0.05499999999999999,0.99,1760.0,5438.4
Lácteos y Huevos,Yogur,3800.0,0.57,65,3.2,9.0,2.5,2026-09-29,2026-09-29 12:12:11,3800.0,0,0.0,Proxy (Referencia INDEC),12.35,0.608,1.71,0.47500000000000003,2166.0,6692.94
Lácteos y Huevos,Manteca,16000.0,0.06,717,0.9,0.1,81.0,2026-09-29,2026-09-29 12:12:11,16000.0,0,0.0,Proxy (Referencia INDEC),14.34,0.018000000000000002,0.002,1.62,960.0,2966.3999999999996
Almacén,Aceite de girasol,4800.0,1.2,884,0.0,0.0,100.0,2026-09-29,2026-09-29 12:12:11,4800.0,0,0.0,Proxy (Referencia INDEC),353.6,0.0,0.0,40.0,5760.0,17798.399999999998
Bebidas,Gaseosa,3200.0,1.15,40,0.0,10.0,0.0,2026-09-29,2026-09-29 12:12:11,3200.0,0,0.0,Proxy (Referencia INDEC),15.333333333333336,0.0,3.833333333333334,0.0,3679.9999999999995,11371.199999999999
Bebidas,Jugo,3200.0,1.15,35,0.0,9.0,0.0,2026-09-29,2026-09-29 12:12:11,3200.0,0,0.0,Proxy (Referencia INDEC),13.416666666666666,0.0,3.45,0.0,3679.9999999999995,11371.199999999999
Bebidas,Soda,3200.0,1.15,0,0.0,0.0,0.0,2026-09-29,2026-09-29 12:12:11,3200.0,0,0.0,Proxy (Referencia INDEC),0.0,0.0,0.0,0.0,3679.9999999999995,11371.199999999999
Bebidas,Cerveza,4500.0,0.54,43,0.5,3.5,0.0,2026-09-29,2026-09-29 12:12:11,4500.0,0,0.0,Proxy (Referencia INDEC),7.74,0.09,0.6300000000000001,0.0,2430.0,7508.7
Bebidas,Vino,4500.0,0.54,85,0.1,2.5,0.0,2026-09-29,2026-09-29 12:12:11,4500.0,0,0.0,Proxy (Referencia INDEC),15.299999999999999,0.018000000000000002,0.45,0.0,2430.0,7508.7
Almacén,Sal fina,1500.0,0.12,0,0.0,0.0,0.0,2026-09-29,2026-09-29 12:12:11,1500.0,0,0.0,Proxy (Referencia INDEC),0.0,0.0,0.0,0.0,180.0,556.1999999999999
Almacén,Mayonesa,7500.0,0.06,680,1.0,3.0,75.0,2026-09-29,2026-09-29 12:12:11,7500.0,0,0.0,Proxy (Referencia INDEC),13.6,0.02,0.06,1.5,450.0,1390.5
Almacén,Caldo en cubo / Polvo,7500.0,0.06,250,10.0,25.0,10.0,2026-09-29,2026-09-29 12:12:11,7500.0,0,0.0,Proxy (Referencia INDEC),5.0,0.2,0.5,0.2,450.0,1390.5
Almacén,Vinagre,2200.0,0.06,18,0.0,0.1,0.0,2026-09-29,2026-09-29 12:12:11,2200.0,0,0.0,Proxy (Referencia INDEC),0.36,0.0,0.002,0.0,132.0,407.88
Almacén,Café,32000.0,0.03,200,14.0,40.0,0.2,2026-09-29,2026-09-29 12:12:11,32000.0,0,0.0,Proxy (Referencia INDEC),2.0,0.14,0.4,0.002,960.0,2966.3999999999996
Almacén,Yerba mate,6500.0,0.51,30,1.0,6.0,0.0,2026-09-29,2026-09-29 12:12:11,6500.0,0,0.0,Proxy (Referencia INDEC),5.1,0.17,1.02,0.0,3315.0,10243.35
Panadería,Pan francés,4500.0,6.75,265,9.0,55.0,1.2,2026-09-29,2026-09-29 16:41:07,4500.0,0,0.0,Proxy (Referencia INDEC),596.25,20.25,123.75000000000001,2.7,30375.0,93858.75
Panadería,Galletitas de agua,6800.0,0.42,420,9.5,68.0,12.0,2026-09-29,2026-09-29 16:41:07,6800.0,0,0.0,Proxy (Referencia INDEC),58.800000000000004,1.33,9.520000000000001,1.68,2856.0,8825.039999999999
Panadería,Galletitas dulces,7500.0,0.21,450,6.5,72.0,15.0,2026-09-29,2026-09-29 16:41:07,7500.0,0,0.0,Proxy (Referencia INDEC),31.5,0.455,5.04,1.05,1575.0,4866.75
Almacén,Arroz blanco,3800.0,1.2,354,7.0,78.0,0.6,2026-09-29,2026-09-29 16:41:07,3800.0,0,0.0,Proxy (Referencia INDEC),141.6,2.8000000000000003,31.200000000000003,0.24,4560.0,14090.4
Almacén,Harina de trigo 000,2200.0,1.08,340,10.0,72.0,1.2,2026-09-29,2026-09-29 16:41:07,2200.0,0,0.0,Proxy (Referencia INDEC),122.39999999999999,3.6,25.919999999999998,0.432,2376.0,7341.839999999999
Almacén,Harina de maíz / Polenta,2800.0,0.21,350,8.0,76.0,1.0,2026-09-29,2026-09-29 16:41:07,2800.0,0,0.0,Proxy (Referencia INDEC),24.5,0.56,5.32,0.07,588.0,1816.9199999999998
Almacén,Fideos secos,3800.0,1.74,355,12.0,73.0,1.5,2026-09-29,2026-09-29 16:41:07,3800.0,0,0.0,Proxy (Referencia INDEC),205.89999999999998,6.96,42.339999999999996,0.87,6612.0,20431.079999999998
Frutas y Verduras,Papa blanca,1800.0,6.51,80,2.0,18.0,0.1,2026-09-29,2026-09-29 16:41:07,1800.0,0,0.0,Proxy (Referencia INDEC),173.60000000000002,4.34,39.059999999999995,0.217,11718.0,36208.619999999995
Frutas y Verduras,Batata,2500.0,0.51,86,1.6,20.0,0.1,2026-09-29,2026-09-29 16:41:07,2500.0,0,0.0,Proxy (Referencia INDEC),14.62,0.272,3.4000000000000004,0.017,1275.0,3939.75
Frutas y Verduras,Cebolla,2200.0,1.146,40,1.1,9.0,0.1,2026-09-29,2026-09-29 16:41:07,2200.0,0,0.0,Proxy (Referencia INDEC),15.280000000000001,0.4202000000000001,3.438,0.038200000000000005,2521.2,7790.507999999999
Frutas y Verduras,Tomate,2200.0,1.146,18,0.9,3.9,0.2,2026-09-29,2026-09-29 16:41:07,2200.0,0,0.0,Proxy (Referencia INDEC),6.876,0.34380000000000005,1.4898,0.07640000000000001,2521.2,7790.507999999999
Frutas y Verduras,Zanahoria,2200.0,1.146,41,0.9,9.6,0.2,2026-09-29,2026-09-29 16:41:07,2200.0,0,0.0,Proxy (Referencia INDEC),15.662,0.34380000000000005,3.6672000000000002,0.07640000000000001,2521.2,7790.507999999999
Frutas y Verduras,Zapallo,2200.0,1.146,26,1.0,6.5,0.1,2026-09-29,2026-09-29 16:41:07,2200.0,0,0.0,Proxy (Referencia INDEC),9.932,0.38200000000000006,2.483,0.038200000000000005,2521.2,7790.507999999999
Frutas y Verduras,Acelga,2200.0,1.146,19,1.8,3.7,0.2,2026-09-29,2026-09-29 16:41:07,2200.0,0,0.0,Proxy (Referencia INDEC),7.258000000000001,0.6876000000000001,1.4134000000000002,0.07640000000000001,2521.2,7790.507999999999
Frutas y Verduras,Manzana,2800.0,1.2375,52,0.3,13.8,0.2,2026-09-29,2026-09-29 16:41:07,2800.0,0,0.0,Proxy (Referencia INDEC),21.45,0.12375,5.692500000000001,0.0825,3465.0,10706.85
Frutas y Verduras,Naranja,2800.0,1.2375,47,0.9,11.8,0.1,2026-09-29,2026-09-29 16:41:07,2800.0,0,0.0,Proxy (Referencia INDEC),19.3875,0.37125,4.867500000000001,0.04125,3465.0,10706.85
Frutas y Verduras,Banana,2800.0,1.2375,89,1.1,22.8,0.3,2026-09-29,2026-09-29 16:41:07,2800.0,0,0.0,Proxy (Referencia INDEC),36.7125,0.45375000000000004,9.405000000000001,0.12375,3465.0,10706.85
Frutas y Verduras,Pera,2800.0,1.2375,57,0.4,15.0,0.1,2026-09-29,2026-09-29 16:41:07,2800.0,0,0.0,Proxy (Referencia INDEC),23.5125,0.165,6.1875,0.04125,3465.0,10706.85
Almacén,Azúcar,2000.0,1.23,387,0.0,100.0,0.0,2026-09-29,2026-09-29 16:41:07,2000.0,0,0.0,Proxy (Referencia INDEC),158.67000000000002,0.0,41.0,0.0,2460.0,7601.4
Almacén,Dulce de leche,6500.0,0.11,315,7.0,55.0,7.0,2026-09-29,2026-09-29 16:41:07,6500.0,0,0.0,Proxy (Referencia INDEC),11.549999999999999,0.25666666666666665,2.0166666666666666,0.25666666666666665,715.0,2209.35
Almacén,Mermelada,6500.0,0.11,260,0.5,65.0,0.1,2026-09-29,2026-09-29 16:41:07,6500.0,0,0.0,Proxy (Referencia INDEC),9.533333333333333,0.018333333333333333,2.3833333333333333,0.0036666666666666666,715.0,2209.35
Almacén,Dulce de batata,6500.0,0.11,255,0.5,63.0,0.1,2026-09-29,2026-09-29 16:41:07,6500.0,0,0.0,Proxy (Referencia INDEC),9.35,0.018333333333333333,2.31,0.0036666666666666666,715.0,2209.35
Almacén,Lentejas,4200.0,0.12,340,24.0,60.0,1.0,2026-09-29,2026-09-29 16:41:07,4200.0,0,0.0,Proxy (Referencia INDEC),13.6,0.96,2.4,0.04,504.0,1557.36
Almacén,Arvejas,4200.0,0.12,340,22.0,60.0,1.2,2026-09-29,2026-09-29 16:41:07,4200.0,0,0.0,Proxy (Referencia INDEC),13.6,0.88,2.4,0.048,504.0,1557.36
Carnes,Asado,13500.0,1.045,250,18.0,0.0,20.0,2026-09-29,2026-09-29 16:41:07,13500.0,0,0.0,Proxy (Referencia INDEC),87.08333333333334,6.2700000000000005,0.0,6.966666666666668,14107.499999999998,43592.174999999996
Carnes,Carne picada,13500.0,1.045,210,19.0,0.0,15.0,2026-09-29,2026-09-29 16:41:07,13500.0,0,0.0,Proxy (Referencia INDEC),73.15,6.618333333333334,0.0,5.2250000000000005,14107.499999999998,43592.174999999996
Carnes,Paleta,13500.0,1.045,170,20.0,0.0,10.0,2026-09-29,2026-09-29 16:41:07,13500.0,0,0.0,Proxy (Referencia INDEC),59.21666666666667,6.966666666666668,0.0,3.483333333333334,14107.499999999998,43592.174999999996
Carnes,Nalga,13500.0,1.045,140,21.0,0.0,5.0,2026-09-29,2026-09-29 16:41:07,13500.0,0,0.0,Proxy (Referencia INDEC),48.766666666666666,7.315,0.0,1.741666666666667,14107.499999999998,43592.174999999996
Carnes,Pollo entero,13500.0,1.045,215,18.0,0.0,15.0,2026-09-29,2026-09-29 16:41:07,13500.0,0,0.0,Proxy (Referencia INDEC),74.89166666666667,6.2700000000000005,0.0,5.2250000000000005,14107.499999999998,43592.174999999996
Carnes,Pescado,13500.0,1.045,90,18.0,0.0,1.5,2026-09-29,2026-09-29 16:41:07,13500.0,0,0.0,Proxy (Referencia INDEC),31.35,6.2700000000000005,0.0,0.5225,14107.499999999998,43592.174999999996
Carnes,Hígado,5500.0,0.27,135,20.0,3.8,4.0,2026-09-29,2026-09-29 16:41:07,5500.0,0,0.0,Proxy (Referencia INDEC),12.15,1.8,0.34199999999999997,0.36,1485.0,4588.65
Carnes,Paleta cocida,15000.0,0.03,130,18.0,2.0,6.0,2026-09-29,2026-09-29 16:41:07,15000.0,0,0.0,Proxy (Referencia INDEC),1.3,0.18,0.02,0.06,450.0,1390.5
Carnes,Salame,15000.0,0.03,400,20.0,1.0,35.0,2026-09-29,2026-09-29 16:41:07,15000.0,0,0.0,Proxy (Referencia INDEC),4.0,0.2,0.01,0.35,450.0,1390.5
Lácteos y Huevos,Huevos (docena),6000.0,0.6,150,12.5,0.7,10.0,2026-09-29,2026-09-29 16:41:07,6000.0,0,0.0,Proxy (Referencia INDEC),30.0,2.5,0.13999999999999999,2.0,3600.0,11124.0
Lácteos y Huevos,Leche entera,2400.0,9.27,60,3.1,4.7,3.0,2026-09-29,2026-09-29 16:41:07,2400.0,0,0.0,Proxy (Referencia INDEC),185.4,9.579,14.523,9.27,22248.0,68746.31999999999
Lácteos y Huevos,Queso cremoso,16000.0,0.11,300,18.0,1.5,25.0,2026-09-29,2026-09-29 16:41:07,16000.0,0,0.0,Proxy (Referencia INDEC),11.0,0.6599999999999999,0.05499999999999999,0.9166666666666666,1760.0,5438.4
Lácteos y Huevos,Queso cuartirolo,16000.0,0.11,280,19.0,1.5,22.0,2026-09-29,2026-09-29 16:41:07,16000.0,0,0.0,Proxy (Referencia INDEC),10.266666666666666,0.6966666666666667,0.05499999999999999,0.8066666666666666,1760.0,5438.4
Lácteos y Huevos,Queso de rallar,16000.0,0.11,380,33.0,1.5,27.0,2026-09-29,2026-09-29 16:41:07,16000.0,0,0.0,Proxy (Referencia INDEC),13.933333333333332,1.21,0.05499999999999999,0.99,1760.0,5438.4
Lácteos y Huevos,Yogur,3800.0,0.57,65,3.2,9.0,2.5,2026-09-29,2026-09-29 16:41:07,3800.0,0,0.0,Proxy (Referencia INDEC),12.35,0.608,1.71,0.47500000000000003,2166.0,6692.94
Lácteos y Huevos,Manteca,16000.0,0.06,717,0.9,0.1,81.0,2026-09-29,2026-09-29 16:41:07,16000.0,0,0.0,Proxy (Referencia INDEC),14.34,0.018000000000000002,0.002,1.62,960.0,2966.3999999999996
Almacén,Aceite de girasol,4800.0,1.2,884,0.0,0.0,100.0,2026-09-29,2026-09-29 16:41:07,4800.0,0,0.0,Proxy (Referencia INDEC),353.6,0.0,0.0,40.0,5760.0,17798.399999999998
Bebidas,Gaseosa,3200.0,1.15,40,0.0,10.0,0.0,2026-09-29,2026-09-29 16:41:07,3200.0,0,0.0,Proxy (Referencia INDEC),15.333333333333336,0.0,3.833333333333334,0.0,3679.9999999999995,11371.199999999999
Bebidas,Jugo,3200.0,1.15,35,0.0,9.0,0.0,2026-09-29,2026-09-29 16:41:07,3200.0,0,0.0,Proxy (Referencia INDEC),13.416666666666666,0.0,3.45,0.0,3679.9999999999995,11371.199999999999
Bebidas,Soda,3200.0,1.15,0,0.0,0.0,0.0,2026-09-29,2026-09-29 16:41:07,3200.0,0,0.0,Proxy (Referencia INDEC),0.0,0.0,0.0,0.0,3679.9999999999995,11371.199999999999
Bebidas,Cerveza,4500.0,0.54,43,0.5,3.5,0.0,2026-09-29,2026-09-29 16:41:07,4500.0,0,0.0,Proxy (Referencia INDEC),7.74,0.09,0.6300000000000001,0.0,2430.0,7508.7
Bebidas,Vino,4500.0,0.54,85,0.1,2.5,0.0,2026-09-29,2026-09-29 16:41:07,4500.0,0,0.0,Proxy (Referencia INDEC),15.299999999999999,0.018000000000000002,0.45,0.0,2430.0,7508.7
Almacén,Sal fina,1500.0,0.12,0,0.0,0.0,0.0,2026-09-29,2026-09-29 16:41:07,1500.0,0,0.0,Proxy (Referencia INDEC),0.0,0.0,0.0,0.0,180.0,556.1999999999999
Almacén,Mayonesa,7500.0,0.06,680,1.0,3.0,75.0,2026-09-29,2026-09-29 16:41:07,7500.0,0,0.0,Proxy (Referencia INDEC),13.6,0.02,0.06,1.5,450.0,1390.5
Almacén,Caldo en cubo / Polvo,7500.0,0.06,250,10.0,25.0,10.0,2026-09-29,2026-09-29 16:41:07,7500.0,0,0.0,Proxy (Referencia INDEC),5.0,0.2,0.5,0.2,450.0,1390.5
Almacén,Vinagre,2200.0,0.06,18,0.0,0.1,0.0,2026-09-29,2026-09-29 16:41:07,2200.0,0,0.0,Proxy (Referencia INDEC),0.36,0.0,0.002,0.0,132.0,407.88
Almacén,Café,32000.0,0.03,200,14.0,40.0,0.2,2026-09-29,2026-09-29 16:41:07,32000.0,0,0.0,Proxy (Referencia INDEC),2.0,0.14,0.4,0.002,960.0,2966.3999999999996
Almacén,Yerba mate,6500.0,0.51,30,1.0,6.0,0.0,2026-09-29,2026-09-29 16:41:07,6500.0,0,0.0,Proxy (Referencia INDEC),5.1,0.17,1.02,0.0,3315.0,10243.35
Panadería,Pan francés,4500.0,6.75,265,9.0,55.0,1.2,2026-09-30,2026-09-30 16:32:45,4500.0,0,0.0,Proxy (Referencia INDEC),596.25,20.25,123.75000000000001,2.7,30375.0,93858.75
Panadería,Galletitas de agua,6800.0,0.42,420,9.5,68.0,12.0,2026-09-30,2026-09-30 16:32:45,6800.0,0,0.0,Proxy (Referencia INDEC),58.800000000000004,1.33,9.520000000000001,1.68,2856.0,8825.039999999999
Panadería,Galletitas dulces,7500.0,0.21,450,6.5,72.0,15.0,2026-09-30,2026-09-30 16:32:45,7500.0,0,0.0,Proxy (Referencia INDEC),31.5,0.455,5.04,1.05,1575.0,4866.75
Almacén,Arroz blanco,3800.0,1.2,354,7.0,78.0,0.6,2026-09-30,2026-09-30 16:32:45,3800.0,0,0.0,Proxy (Referencia INDEC),141.6,2.8000000000000003,31.200000000000003,0.24,4560.0,14090.4
Almacén,Harina de trigo 000,2200.0,1.08,340,10.0,72.0,1.2,2026-09-30,2026-09-30 16:32:45,2200.0,0,0.0,Proxy (Referencia INDEC),122.39999999999999,3.6,25.919999999999998,0.432,2376.0,7341.839999999999
Almacén,Harina de maíz / Polenta,2800.0,0.21,350,8.0,76.0,1.0,2026-09-30,2026-09-30 16:32:45,2800.0,0,0.0,Proxy (Referencia INDEC),24.5,0.56,5.32,0.07,588.0,1816.9199999999998
Almacén,Fideos secos,3800.0,1.74,355,12.0,73.0,1.5,2026-09-30,2026-09-30 16:32:45,3800.0,0,0.0,Proxy (Referencia INDEC),205.89999999999998,6.96,42.339999999999996,0.87,6612.0,20431.079999999998
Frutas y Verduras,Papa blanca,1800.0,6.51,80,2.0,18.0,0.1,2026-09-30,2026-09-30 16:32:45,1800.0,0,0.0,Proxy (Referencia INDEC),173.60000000000002,4.34,39.059999999999995,0.217,11718.0,36208.619999999995
Frutas y Verduras,Batata,2500.0,0.51,86,1.6,20.0,0.1,2026-09-30,2026-09-30 16:32:45,2500.0,0,0.0,Proxy (Referencia INDEC),14.62,0.272,3.4000000000000004,0.017,1275.0,3939.75
Frutas y Verduras,Cebolla,2200.0,1.146,40,1.1,9.0,0.1,2026-09-30,2026-09-30 16:32:45,2200.0,0,0.0,Proxy (Referencia INDEC),15.280000000000001,0.4202000000000001,3.438,0.038200000000000005,2521.2,7790.507999999999
Frutas y Verduras,Tomate,2200.0,1.146,18,0.9,3.9,0.2,2026-09-30,2026-09-30 16:32:45,2200.0,0,0.0,Proxy (Referencia INDEC),6.876,0.34380000000000005,1.4898,0.07640000000000001,2521.2,7790.507999999999
Frutas y Verduras,Zanahoria,2200.0,1.146,41,0.9,9.6,0.2,2026-09-30,2026-09-30 16:32:45,2200.0,0,0.0,Proxy (Referencia INDEC),15.662,0.34380000000000005,3.6672000000000002,0.07640000000000001,2521.2,7790.507999999999
Frutas y Verduras,Zapallo,2200.0,1.146,26,1.0,6.5,0.1,2026-09-30,2026-09-30 16:32:45,2200.0,0,0.0,Proxy (Referencia INDEC),9.932,0.38200000000000006,2.483,0.038200000000000005,2521.2,7790.507999999999
Frutas y Verduras,Acelga,2200.0,1.146,19,1.8,3.7,0.2,2026-09-30,2026-09-30 16:32:45,2200.0,0,0.0,Proxy (Referencia INDEC),7.258000000000001,0.6876000000000001,1.4134000000000002,0.07640000000000001,2521.2,7790.507999999999
Frutas y Verduras,Manzana,2800.0,1.2375,52,0.3,13.8,0.2,2026-09-30,2026-09-30 16:32:45,2800.0,0,0.0,Proxy (Referencia INDEC),21.45,0.12375,5.692500000000001,0.0825,3465.0,10706.85
Frutas y Verduras,Naranja,2800.0,1.2375,47,0.9,11.8,0.1,2026-09-30,2026-09-30 16:32:45,2800.0,0,0.0,Proxy (Referencia INDEC),19.3875,0.37125,4.867500000000001,0.04125,3465.0,10706.85
Frutas y Verduras,Banana,2800.0,1.2375,89,1.1,22.8,0.3,2026-09-30,2026-09-30 16:32:45,2800.0,0,0.0,Proxy (Referencia INDEC),36.7125,0.45375000000000004,9.405000000000001,0.12375,3465.0,10706.85
Frutas y Verduras,Pera,2800.0,1.2375,57,0.4,15.0,0.1,2026-09-30,2026-09-30 16:32:45,2800.0,0,0.0,Proxy (Referencia INDEC),23.5125,0.165,6.1875,0.04125,3465.0,10706.85
Almacén,Azúcar,2000.0,1.23,387,0.0,100.0,0.0,2026-09-30,2026-09-30 16:32:45,2000.0,0,0.0,Proxy (Referencia INDEC),158.67000000000002,0.0,41.0,0.0,2460.0,7601.4
Almacén,Dulce de leche,6500.0,0.11,315,7.0,55.0,7.0,2026-09-30,2026-09-30 16:32:45,6500.0,0,0.0,Proxy (Referencia INDEC),11.549999999999999,0.25666666666666665,2.0166666666666666,0.25666666666666665,715.0,2209.35
Almacén,Mermelada,6500.0,0.11,260,0.5,65.0,0.1,2026-09-30,2026-09-30 16:32:45,6500.0,0,0.0,Proxy (Referencia INDEC),9.533333333333333,0.018333333333333333,2.3833333333333333,0.0036666666666666666,715.0,2209.35
Almacén,Dulce de batata,6500.0,0.11,255,0.5,63.0,0.1,2026-09-30,2026-09-30 16:32:45,6500.0,0,0.0,Proxy (Referencia INDEC),9.35,0.018333333333333333,2.31,0.0036666666666666666,715.0,2209.35
Almacén,Lentejas,4200.0,0.12,340,24.0,60.0,1.0,2026-09-30,2026-09-30 16:32:45,4200.0,0,0.0,Proxy (Referencia INDEC),13.6,0.96,2.4,0.04,504.0,1557.36
Almacén,Arvejas,4200.0,0.12,340,22.0,60.0,1.2,2026-09-30,2026-09-30 16:32:45,4200.0,0,0.0,Proxy (Referencia INDEC),13.6,0.88,2.4,0.048,504.0,1557.36
Carnes,Asado,13500.0,1.045,250,18.0,0.0,20.0,2026-09-30,2026-09-30 16:32:45,13500.0,0,0.0,Proxy (Referencia INDEC),87.08333333333334,6.2700000000000005,0.0,6.966666666666668,14107.499999999998,43592.174999999996
Carnes,Carne picada,13500.0,1.045,210,19.0,0.0,15.0,2026-09-30,2026-09-30 16:32:45,13500.0,0,0.0,Proxy (Referencia INDEC),73.15,6.618333333333334,0.0,5.2250000000000005,14107.499999999998,43592.174999999996
Carnes,Paleta,13500.0,1.045,170,20.0,0.0,10.0,2026-09-30,2026-09-30 16:32:45,13500.0,0,0.0,Proxy (Referencia INDEC),59.21666666666667,6.966666666666668,0.0,3.483333333333334,14107.499999999998,43592.174999999996
Carnes,Nalga,13500.0,1.045,140,21.0,0.0,5.0,2026-09-30,2026-09-30 16:32:45,13500.0,0,0.0,Proxy (Referencia INDEC),48.766666666666666,7.315,0.0,1.741666666666667,14107.499999999998,43592.174999999996
Carnes,Pollo entero,13500.0,1.045,215,18.0,0.0,15.0,2026-09-30,2026-09-30 16:32:45,13500.0,0,0.0,Proxy (Referencia INDEC),74.89166666666667,6.2700000000000005,0.0,5.2250000000000005,14107.499999999998,43592.174999999996
Carnes,Pescado,13500.0,1.045,90,18.0,0.0,1.5,2026-09-30,2026-09-30 16:32:45,13500.0,0,0.0,Proxy (Referencia INDEC),31.35,6.2700000000000005,0.0,0.5225,14107.499999999998,43592.174999999996
Carnes,Hígado,5500.0,0.27,135,20.0,3.8,4.0,2026-09-30,2026-09-30 16:32:45,5500.0,0,0.0,Proxy (Referencia INDEC),12.15,1.8,0.34199999999999997,0.36,1485.0,4588.65
Carnes,Paleta cocida,15000.0,0.03,130,18.0,2.0,6.0,2026-09-30,2026-09-30 16:32:45,15000.0,0,0.0,Proxy (Referencia INDEC),1.3,0.18,0.02,0.06,450.0,1390.5
Carnes,Salame,15000.0,0.03,400,20.0,1.0,35.0,2026-09-30,2026-09-30 16:32:45,15000.0,0,0.0,Proxy (Referencia INDEC),4.0,0.2,0.01,0.35,450.0,1390.5
Lácteos y Huevos,Huevos (docena),6000.0,0.6,150,12.5,0.7,10.0,2026-09-30,2026-09-30 16:32:45,6000.0,0,0.0,Proxy (Referencia INDEC),30.0,2.5,0.13999999999999999,2.0,3600.0,11124.0
Lácteos y Huevos,Leche entera,2400.0,9.27,60,3.1,4.7,3.0,2026-09-30,2026-09-30 16:32:45,2400.0,0,0.0,Proxy (Referencia INDEC),185.4,9.579,14.523,9.27,22248.0,68746.31999999999
Lácteos y Huevos,Queso cremoso,16000.0,0.11,300,18.0,1.5,25.0,2026-09-30,2026-09-30 16:32:45,16000.0,0,0.0,Proxy (Referencia INDEC),11.0,0.6599999999999999,0.05499999999999999,0.9166666666666666,1760.0,5438.4
Lácteos y Huevos,Queso cuartirolo,16000.0,0.11,280,19.0,1.5,22.0,2026-09-30,2026-09-30 16:32:45,16000.0,0,0.0,Proxy (Referencia INDEC),10.266666666666666,0.6966666666666667,0.05499999999999999,0.8066666666666666,1760.0,5438.4
Lácteos y Huevos,Queso de rallar,16000.0,0.11,380,33.0,1.5,27.0,2026-09-30,2026-09-30 16:32:45,16000.0,0,0.0,Proxy (Referencia INDEC),13.933333333333332,1.21,0.05499999999999999,0.99,1760.0,5438.4
Lácteos y Huevos,Yogur,3800.0,0.57,65,3.2,9.0,2.5,2026-09-30,2026-09-30 16:32:45,3800.0,0,0.0,Proxy (Referencia INDEC),12.35,0.608,1.71,0.47500000000000003,2166.0,6692.94
Lácteos y Huevos,Manteca,16000.0,0.06,717,0.9,0.1,81.0,2026-09-30,2026-09-30 16:32:45,16000.0,0,0.0,Proxy (Referencia INDEC),14.34,0.018000000000000002,0.002,1.62,960.0,2966.3999999999996
Almacén,Aceite de girasol,4800.0,1.2,884,0.0,0.0,100.0,2026-09-30,2026-09-30 16:32:45,4800.0,0,0.0,Proxy (Referencia INDEC),353.6,0.0,0.0,40.0,5760.0,17798.399999999998
Bebidas,Gaseosa,3200.0,1.15,40,0.0,10.0,0.0,2026-09-30,2026-09-30 16:32:45,3200.0,0,0.0,Proxy (Referencia INDEC),15.333333333333336,0.0,3.833333333333334,0.0,3679.9999999999995,11371.199999999999
Bebidas,Jugo,3200.0,1.15,35,0.0,9.0,0.0,2026-09-30,2026-09-30 16:32:45,3200.0,0,0.0,Proxy (Referencia INDEC),13.416666666666666,0.0,3.45,0.0,3679.9999999999995,11371.199999999999
Bebidas,Soda,3200.0,1.15,0,0.0,0.0,0.0,2026-09-30,2026-09-30 16:32:45,3200.0,0,0.0,Proxy (Referencia INDEC),0.0,0.0,0.0,0.0,3679.9999999999995,11371.199999999999
Bebidas,Cerveza,4500.0,0.54,43,0.5,3.5,0.0,2026-09-30,2026-09-30 16:32:45,4500.0,0,0.0,Proxy (Referencia INDEC),7.74,0.09,0.6300000000000001,0.0,2430.0,7508.7
Bebidas,Vino,4500.0,0.54,85,0.1,2.5,0.0,2026-09-30,2026-09-30 16:32:45,4500.0,0,0.0,Proxy (Referencia INDEC),15.299999999999999,0.018000000000000002,0.45,0.0,2430.0,7508.7
Almacén,Sal fina,1500.0,0.12,0,0.0,0.0,0.0,2026-09-30,2026-09-30 16:32:45,1500.0,0,0.0,Proxy (Referencia INDEC),0.0,0.0,0.0,0.0,180.0,556.1999999999999
Almacén,Mayonesa,7500.0,0.06,680,1.0,3.0,75.0,2026-09-30,2026-09-30 16:32:45,7500.0,0,0.0,Proxy (Referencia INDEC),13.6,0.02,0.06,1.5,450.0,1390.5
Almacén,Caldo en cubo / Polvo,7500.0,0.06,250,10.0,25.0,10.0,2026-09-30,2026-09-30 16:32:45,7500.0,0,0.0,Proxy (Referencia INDEC),5.0,0.2,0.5,0.2,450.0,1390.5
Almacén,Vinagre,2200.0,0.06,18,0.0,0.1,0.0,2026-09-30,2026-09-30 16:32:45,2200.0,0,0.0,Proxy (Referencia INDEC),0.36,0.0,0.002,0.0,132.0,407.88
Almacén,Café,32000.0,0.03,200,14.0,40.0,0.2,2026-09-30,2026-09-30 16:32:45,32000.0,0,0.0,Proxy (Referencia INDEC),2.0,0.14,0.4,0.002,960.0,2966.3999999999996
Almacén,Yerba mate,6500.0,0.51,30,1.0,6.0,0.0,2026-09-30,2026-09-30 16:32:45,6500.0,0,0.0,Proxy (Referencia INDEC),5.1,0.17,1.02,0.0,3315.0,10243.35
Panadería,Pan francés,4500.0,6.75,265,9.0,55.0,1.2,2026-10-01,2026-10-01 17:10:46,4500.0,0,0.0,Proxy (Referencia INDEC),596.25,20.25,123.75000000000001,2.7,30375.0,93858.75
Panadería,Galletitas de agua,6800.0,0.42,420,9.5,68.0,12.0,2026-10-01,2026-10-01 17:10:46,6800.0,0,0.0,Proxy (Referencia INDEC),58.800000000000004,1.33,9.520000000000001,1.68,2856.0,8825.039999999999
Panadería,Galletitas dulces,7500.0,0.21,450,6.5,72.0,15.0,2026-10-01,2026-10-01 17:10:46,7500.0,0,0.0,Proxy (Referencia INDEC),31.5,0.455,5.04,1.05,1575.0,4866.75
Almacén,Arroz blanco,3800.0,1.2,354,7.0,78.0,0.6,2026-10-01,2026-10-01 17:10:46,3800.0,0,0.0,Proxy (Referencia INDEC),141.6,2.8000000000000003,31.200000000000003,0.24,4560.0,14090.4
Almacén,Harina de trigo 000,2200.0,1.08,340,10.0,72.0,1.2,2026-10-01,2026-10-01 17:10:46,2200.0,0,0.0,Proxy (Referencia INDEC),122.39999999999999,3.6,25.919999999999998,0.432,2376.0,7341.839999999999
Almacén,Harina de maíz / Polenta,2800.0,0.21,350,8.0,76.0,1.0,2026-10-01,2026-10-01 17:10:46,2800.0,0,0.0,Proxy (Referencia INDEC),24.5,0.56,5.32,0.07,588.0,1816.9199999999998
Almacén,Fideos secos,3800.0,1.74,355,12.0,73.0,1.5,2026-10-01,2026-10-01 17:10:46,3800.0,0,0.0,Proxy (Referencia INDEC),205.89999999999998,6.96,42.339999999999996,0.87,6612.0,20431.079999999998
Frutas y Verduras,Papa blanca,1800.0,6.51,80,2.0,18.0,0.1,2026-10-01,2026-10-01 17:10:46,1800.0,0,0.0,Proxy (Referencia INDEC),173.60000000000002,4.34,39.059999999999995,0.217,11718.0,36208.619999999995
Frutas y Verduras,Batata,2500.0,0.51,86,1.6,20.0,0.1,2026-10-01,2026-10-01 17:10:46,2500.0,0,0.0,Proxy (Referencia INDEC),14.62,0.272,3.4000000000000004,0.017,1275.0,3939.75
Frutas y Verduras,Cebolla,2200.0,1.146,40,1.1,9.0,0.1,2026-10-01,2026-10-01 17:10:46,2200.0,0,0.0,Proxy (Referencia INDEC),15.280000000000001,0.4202000000000001,3.438,0.038200000000000005,2521.2,7790.507999999999
Frutas y Verduras,Tomate,2200.0,1.146,18,0.9,3.9,0.2,2026-10-01,2026-10-01 17:10:46,2200.0,0,0.0,Proxy (Referencia INDEC),6.876,0.34380000000000005,1.4898,0.07640000000000001,2521.2,7790.507999999999
Frutas y Verduras,Zanahoria,2200.0,1.146,41,0.9,9.6,0.2,2026-10-01,2026-10-01 17:10:46,2200.0,0,0.0,Proxy (Referencia INDEC),15.662,0.34380000000000005,3.6672000000000002,0.07640000000000001,2521.2,7790.507999999999
Frutas y Verduras,Zapallo,2200.0,1.146,26,1.0,6.5,0.1,2026-10-01,2026-10-01 17:10:46,2200.0,0,0.0,Proxy (Referencia INDEC),9.932,0.38200000000000006,2.483,0.038200000000000005,2521.2,7790.507999999999
Frutas y Verduras,Acelga,2200.0,1.146,19,1.8,3.7,0.2,2026-10-01,2026-10-01 17:10:46,2200.0,0,0.0,Proxy (Referencia INDEC),7.258000000000001,0.6876000000000001,1.4134000000000002,0.07640000000000001,2521.2,7790.507999999999
Frutas y Verduras,Manzana,2800.0,1.2375,52,0.3,13.8,0.2,2026-10-01,2026-10-01 17:10:46,2800.0,0,0.0,Proxy (Referencia INDEC),21.45,0.12375,5.692500000000001,0.0825,3465.0,10706.85
Frutas y Verduras,Naranja,2800.0,1.2375,47,0.9,11.8,0.1,2026-10-01,2026-10-01 17:10:46,2800.0,0,0.0,Proxy (Referencia INDEC),19.3875,0.37125,4.867500000000001,0.04125,3465.0,10706.85
Frutas y Verduras,Banana,2800.0,1.2375,89,1.1,22.8,0.3,2026-10-01,2026-10-01 17:10:46,2800.0,0,0.0,Proxy (Referencia INDEC),36.7125,0.45375000000000004,9.405000000000001,0.12375,3465.0,10706.85
Frutas y Verduras,Pera,2800.0,1.2375,57,0.4,15.0,0.1,2026-10-01,2026-10-01 17:10:46,2800.0,0,0.0,Proxy (Referencia INDEC),23.5125,0.165,6.1875,0.04125,3465.0,10706.85
Almacén,Azúcar,2000.0,1.23,387,0.0,100.0,0.0,2026-10-01,2026-10-01 17:10:46,2000.0,0,0.0,Proxy (Referencia INDEC),158.67000000000002,0.0,41.0,0.0,2460.0,7601.4
Almacén,Dulce de leche,6500.0,0.11,315,7.0,55.0,7.0,2026-10-01,2026-10-01 17:10:46,6500.0,0,0.0,Proxy (Referencia INDEC),11.549999999999999,0.25666666666666665,2.0166666666666666,0.25666666666666665,715.0,2209.35
Almacén,Mermelada,6500.0,0.11,260,0.5,65.0,0.1,2026-10-01,2026-10-01 17:10:46,6500.0,0,0.0,Proxy (Referencia INDEC),9.533333333333333,0.018333333333333333,2.3833333333333333,0.0036666666666666666,715.0,2209.35
Almacén,Dulce de batata,6500.0,0.11,255,0.5,63.0,0.1,2026-10-01,2026-10-01 17:10:46,6500.0,0,0.0,Proxy (Referencia INDEC),9.35,0.018333333333333333,2.31,0.0036666666666666666,715.0,2209.35
Almacén,Lentejas,4200.0,0.12,340,24.0,60.0,1.0,2026-10-01,2026-10-01 17:10:46,4200.0,0,0.0,Proxy (Referencia INDEC),13.6,0.96,2.4,0.04,504.0,1557.36
Almacén,Arvejas,4200.0,0.12,340,22.0,60.0,1.2,2026-10-01,2026-10-01 17:10:46,4200.0,0,0.0,Proxy (Referencia INDEC),13.6,0.88,2.4,0.048,504.0,1557.36
Carnes,Asado,13500.0,1.045,250,18.0,0.0,20.0,2026-10-01,2026-10-01 17:10:46,13500.0,0,0.0,Proxy (Referencia INDEC),87.08333333333334,6.2700000000000005,0.0,6.966666666666668,14107.499999999998,43592.174999999996
Carnes,Carne picada,13500.0,1.045,210,19.0,0.0,15.0,2026-10-01,2026-10-01 17:10:46,13500.0,0,0.0,Proxy (Referencia INDEC),73.15,6.618333333333334,0.0,5.2250000000000005,14107.499999999998,43592.174999999996
Carnes,Paleta,13500.0,1.045,170,20.0,0.0,10.0,2026-10-01,2026-10-01 17:10:46,13500.0,0,0.0,Proxy (Referencia INDEC),59.21666666666667,6.966666666666668,0.0,3.483333333333334,14107.499999999998,43592.174999999996
Carnes,Nalga,13500.0,1.045,140,21.0,0.0,5.0,2026-10-01,2026-10-01 17:10:46,13500.0,0,0.0,Proxy (Referencia INDEC),48.766666666666666,7.315,0.0,1.741666666666667,14107.499999999998,43592.174999999996
Carnes,Pollo entero,13500.0,1.045,215,18.0,0.0,15.0,2026-10-01,2026-10-01 17:10:46,13500.0,0,0.0,Proxy (Referencia INDEC),74.89166666666667,6.2700000000000005,0.0,5.2250000000000005,14107.499999999998,43592.174999999996
Carnes,Pescado,13500.0,1.045,90,18.0,0.0,1.5,2026-10-01,2026-10-01 17:10:46,13500.0,0,0.0,Proxy (Referencia INDEC),31.35,6.2700000000000005,0.0,0.5225,14107.499999999998,43592.174999999996
Carnes,Hígado,5500.0,0.27,135,20.0,3.8,4.0,2026-10-01,2026-10-01 17:10:46,5500.0,0,0.0,Proxy (Referencia INDEC),12.15,1.8,0.34199999999999997,0.36,1485.0,4588.65
Carnes,Paleta cocida,15000.0,0.03,130,18.0,2.0,6.0,2026-10-01,2026-10-01 17:10:46,15000.0,0,0.0,Proxy (Referencia INDEC),1.3,0.18,0.02,0.06,450.0,1390.5
Carnes,Salame,15000.0,0.03,400,20.0,1.0,35.0,2026-10-01,2026-10-01 17:10:46,15000.0,0,0.0,Proxy (Referencia INDEC),4.0,0.2,0.01,0.35,450.0,1390.5
Lácteos y Huevos,Huevos (docena),6000.0,0.6,150,12.5,0.7,10.0,2026-10-01,2026-10-01 17:10:46,6000.0,0,0.0,Proxy (Referencia INDEC),30.0,2.5,0.13999999999999999,2.0,3600.0,11124.0
Lácteos y Huevos,Leche entera,2400.0,9.27,60,3.1,4.7,3.0,2026-10-01,2026-10-01 17:10:46,2400.0,0,0.0,Proxy (Referencia INDEC),185.4,9.579,14.523,9.27,22248.0,68746.31999999999
Lácteos y Huevos,Queso cremoso,16000.0,0.11,300,18.0,1.5,25.0,2026-10-01,2026-10-01 17:10:46,16000.0,0,0.0,Proxy (Referencia INDEC),11.0,0.6599999999999999,0.05499999999999999,0.9166666666666666,1760.0,5438.4
Lácteos y Huevos,Queso cuartirolo,16000.0,0.11,280,19.0,1.5,22.0,2026-10-01,2026-10-01 17:10:46,16000.0,0,0.0,Proxy (Referencia INDEC),10.266666666666666,0.6966666666666667,0.05499999999999999,0.8066666666666666,1760.0,5438.4
Lácteos y Huevos,Queso de rallar,16000.0,0.11,380,33.0,1.5,27.0,2026-10-01,2026-10-01 17:10:46,16000.0,0,0.0,Proxy (Referencia INDEC),13.933333333333332,1.21,0.05499999999999999,0.99,1760.0,5438.4
Lácteos y Huevos,Yogur,3800.0,0.57,65,3.2,9.0,2.5,2026-10-01,2026-10-01 17:10:46,3800.0,0,0.0,Proxy (Referencia INDEC),12.35,0.608,1.71,0.47500000000000003,2166.0,6692.94
Lácteos y Huevos,Manteca,16000.0,0.06,717,0.9,0.1,81.0,2026-10-01,2026-10-01 17:10:46,16000.0,0,0.0,Proxy (Referencia INDEC),14.34,0.018000000000000002,0.002,1.62,960.0,2966.3999999999996
Almacén,Aceite de girasol,4800.0,1.2,884,0.0,0.0,100.0,2026-10-01,2026-10-01 17:10:46,4800.0,0,0.0,Proxy (Referencia INDEC),353.6,0.0,0.0,40.0,5760.0,17798.399999999998
Bebidas,Gaseosa,3200.0,1.15,40,0.0,10.0,0.0,2026-10-01,2026-10-01 17:10:46,3200.0,0,0.0,Proxy (Referencia INDEC),15.333333333333336,0.0,3.833333333333334,0.0,3679.9999999999995,11371.199999999999
Bebidas,Jugo,3200.0,1.15,35,0.0,9.0,0.0,2026-10-01,2026-10-01 17:10:46,3200.0,0,0.0,Proxy (Referencia INDEC),13.416666666666666,0.0,3.45,0.0,3679.9999999999995,11371.199999999999
Bebidas,Soda,3200.0,1.15,0,0.0,0.0,0.0,2026-10-01,2026-10-01 17:10:46,3200.0,0,0.0,Proxy (Referencia INDEC),0.0,0.0,0.0,0.0,3679.9999999999995,11371.199999999999
Bebidas,Cerveza,4500.0,0.54,43,0.5,3.5,0.0,2026-10-01,2026-10-01 17:10:46,4500.0,0,0.0,Proxy (Referencia INDEC),7.74,0.09,0.6300000000000001,0.0,2430.0,7508.7
Bebidas,Vino,4500.0,0.54,85,0.1,2.5,0.0,2026-10-01,2026-10-01 17:10:46,4500.0,0,0.0,Proxy (Referencia INDEC),15.299999999999999,0.018000000000000002,0.45,0.0,2430.0,7508.7
Almacén,Sal fina,1500.0,0.12,0,0.0,0.0,0.0,2026-10-01,2026-10-01 17:10:46,1500.0,0,0.0,Proxy (Referencia INDEC),0.0,0.0,0.0,0.0,180.0,556.1999999999999
Almacén,Mayonesa,7500.0,0.06,680,1.0,3.0,75.0,2026-10-01,2026-10-01 17:10:46,7500.0,0,0.0,Proxy (Referencia INDEC),13.6,0.02,0.06,1.5,450.0,1390.5
Almacén,Caldo en cubo / Polvo,7500.0,0.06,250,10.0,25.0,10.0,2026-10-01,2026-10-01 17:10:46,7500.0,0,0.0,Proxy (Referencia INDEC),5.0,0.2,0.5,0.2,450.0,1390.5
Almacén,Vinagre,2200.0,0.06,18,0.0,0.1,0.0,2026-10-01,2026-10-01 17:10:46,2200.0,0,0.0,Proxy (Referencia INDEC),0.36,0.0,0.002,0.0,132.0,407.88
Almacén,Café,32000.0,0.03,200,14.0,40.0,0.2,2026-10-01,2026-10-01 17:10:46,32000.0,0,0.0,Proxy (Referencia INDEC),2.0,0.14,0.4,0.002,960.0,2966.3999999999996
Almacén,Yerba mate,6500.0,0.51,30,1.0,6.0,0.0,2026-10-01,2026-10-01 17:10:46,6500.0,0,0.0,Proxy (Referencia INDEC),5.1,0.17,1.02,0.0,3315.0,10243.35
Panadería,Pan francés,4500.0,6.75,265,9.0,55.0,1.2,2026-10-02,2026-10-02 16:24:22,4500.0,0,0.0,Proxy (Referencia INDEC),596.25,20.25,123.75000000000001,2.7,30375.0,93858.75
Panadería,Galletitas de agua,6800.0,0.42,420,9.5,68.0,12.0,2026-10-02,2026-10-02 16:24:22,6800.0,0,0.0,Proxy (Referencia INDEC),58.800000000000004,1.33,9.520000000000001,1.68,2856.0,8825.039999999999
Panadería,Galletitas dulces,7500.0,0.21,450,6.5,72.0,15.0,2026-10-02,2026-10-02 16:24:22,7500.0,0,0.0,Proxy (Referencia INDEC),31.5,0.455,5.04,1.05,1575.0,4866.75
Almacén,Arroz blanco,3800.0,1.2,354,7.0,78.0,0.6,2026-10-02,2026-10-02 16:24:22,3800.0,0,0.0,Proxy (Referencia INDEC),141.6,2.8000000000000003,31.200000000000003,0.24,4560.0,14090.4
Almacén,Harina de trigo 000,2200.0,1.08,340,10.0,72.0,1.2,2026-10-02,2026-10-02 16:24:22,2200.0,0,0.0,Proxy (Referencia INDEC),122.39999999999999,3.6,25.919999999999998,0.432,2376.0,7341.839999999999
Almacén,Harina de maíz / Polenta,2800.0,0.21,350,8.0,76.0,1.0,2026-10-02,2026-10-02 16:24:22,2800.0,0,0.0,Proxy (Referencia INDEC),24.5,0.56,5.32,0.07,588.0,1816.9199999999998
Almacén,Fideos secos,3800.0,1.74,355,12.0,73.0,1.5,2026-10-02,2026-10-02 16:24:22,3800.0,0,0.0,Proxy (Referencia INDEC),205.89999999999998,6.96,42.339999999999996,0.87,6612.0,20431.079999999998
Frutas y Verduras,Papa blanca,1800.0,6.51,80,2.0,18.0,0.1,2026-10-02,2026-10-02 16:24:22,1800.0,0,0.0,Proxy (Referencia INDEC),173.60000000000002,4.34,39.059999999999995,0.217,11718.0,36208.619999999995
Frutas y Verduras,Batata,2500.0,0.51,86,1.6,20.0,0.1,2026-10-02,2026-10-02 16:24:22,2500.0,0,0.0,Proxy (Referencia INDEC),14.62,0.272,3.4000000000000004,0.017,1275.0,3939.75
Frutas y Verduras,Cebolla,2200.0,1.146,40,1.1,9.0,0.1,2026-10-02,2026-10-02 16:24:22,2200.0,0,0.0,Proxy (Referencia INDEC),15.280000000000001,0.4202000000000001,3.438,0.038200000000000005,2521.2,7790.507999999999
Frutas y Verduras,Tomate,2200.0,1.146,18,0.9,3.9,0.2,2026-10-02,2026-10-02 16:24:22,2200.0,0,0.0,Proxy (Referencia INDEC),6.876,0.34380000000000005,1.4898,0.07640000000000001,2521.2,7790.507999999999
Frutas y Verduras,Zanahoria,2200.0,1.146,41,0.9,9.6,0.2,2026-10-02,2026-10-02 16:24:22,2200.0,0,0.0,Proxy (Referencia INDEC),15.662,0.34380000000000005,3.6672000000000002,0.07640000000000001,2521.2,7790.507999999999
Frutas y Verduras,Zapallo,2200.0,1.146,26,1.0,6.5,0.1,2026-10-02,2026-10-02 16:24:22,2200.0,0,0.0,Proxy (Referencia INDEC),9.932,0.38200000000000006,2.483,0.038200000000000005,2521.2,7790.507999999999
Frutas y Verduras,Acelga,2200.0,1.146,19,1.8,3.7,0.2,2026-10-02,2026-10-02 16:24:22,2200.0,0,0.0,Proxy (Referencia INDEC),7.258000000000001,0.6876000000000001,1.4134000000000002,0.07640000000000001,2521.2,7790.507999999999
Frutas y Verduras,Manzana,2800.0,1.2375,52,0.3,13.8,0.2,2026-10-02,2026-10-02 16:24:22,2800.0,0,0.0,Proxy (Referencia INDEC),21.45,0.12375,5.692500000000001,0.0825,3465.0,10706.85
Frutas y Verduras,Naranja,2800.0,1.2375,47,0.9,11.8,0.1,2026-10-02,2026-10-02 16:24:22,2800.0,0,0.0,Proxy (Referencia INDEC),19.3875,0.37125,4.867500000000001,0.04125,3465.0,10706.85
Frutas y Verduras,Banana,2800.0,1.2375,89,1.1,22.8,0.3,2026-10-02,2026-10-02 16:24:22,2800.0,0,0.0,Proxy (Referencia INDEC),36.7125,0.45375000000000004,9.405000000000001,0.12375,3465.0,10706.85
Frutas y Verduras,Pera,2800.0,1.2375,57,0.4,15.0,0.1,2026-10-02,2026-10-02 16:24:22,2800.0,0,0.0,Proxy (Referencia INDEC),23.5125,0.165,6.1875,0.04125,3465.0,10706.85
Almacén,Azúcar,2000.0,1.23,387,0.0,100.0,0.0,2026-10-02,2026-10-02 16:24:22,2000.0,0,0.0,Proxy (Referencia INDEC),158.67000000000002,0.0,41.0,0.0,2460.0,7601.4
Almacén,Dulce de leche,6500.0,0.11,315,7.0,55.0,7.0,2026-10-02,2026-10-02 16:24:22,6500.0,0,0.0,Proxy (Referencia INDEC),11.549999999999999,0.25666666666666665,2.0166666666666666,0.25666666666666665,715.0,2209.35
Almacén,Mermelada,6500.0,0.11,260,0.5,65.0,0.1,2026-10-02,2026-10-02 16:24:22,6500.0,0,0.0,Proxy (Referencia INDEC),9.533333333333333,0.018333333333333333,2.3833333333333333,0.0036666666666666666,715.0,2209.35
Almacén,Dulce de batata,6500.0,0.11,255,0.5,63.0,0.1,2026-10-02,2026-10-02 16:24:22,6500.0,0,0.0,Proxy (Referencia INDEC),9.35,0.018333333333333333,2.31,0.0036666666666666666,715.0,2209.35
Almacén,Lentejas,4200.0,0.12,340,24.0,60.0,1.0,2026-10-02,2026-10-02 16:24:22,4200.0,0,0.0,Proxy (Referencia INDEC),13.6,0.96,2.4,0.04,504.0,1557.36
Almacén,Arvejas,4200.0,0.12,340,22.0,60.0,1.2,2026-10-02,2026-10-02 16:24:22,4200.0,0,0.0,Proxy (Referencia INDEC),13.6,0.88,2.4,0.048,504.0,1557.36
Carnes,Asado,13500.0,1.045,250,18.0,0.0,20.0,2026-10-02,2026-10-02 16:24:22,13500.0,0,0.0,Proxy (Referencia INDEC),87.08333333333334,6.2700000000000005,0.0,6.966666666666668,14107.499999999998,43592.174999999996
Carnes,Carne picada,13500.0,1.045,210,19.0,0.0,15.0,2026-10-02,2026-10-02 16:24:22,13500.0,0,0.0,Proxy (Referencia INDEC),73.15,6.618333333333334,0.0,5.2250000000000005,14107.499999999998,43592.174999999996
Carnes,Paleta,13500.0,1.045,170,20.0,0.0,10.0,2026-10-02,2026-10-02 16:24:22,13500.0,0,0.0,Proxy (Referencia INDEC),59.21666666666667,6.966666666666668,0.0,3.483333333333334,14107.499999999998,43592.174999999996
Carnes,Nalga,13500.0,1.045,140,21.0,0.0,5.0,2026-10-02,2026-10-02 16:24:22,13500.0,0,0.0,Proxy (Referencia INDEC),48.766666666666666,7.315,0.0,1.741666666666667,14107.499999999998,43592.174999999996
Carnes,Pollo entero,13500.0,1.045,215,18.0,0.0,15.0,2026-10-02,2026-10-02 16:24:22,13500.0,0,0.0,Proxy (Referencia INDEC),74.89166666666667,6.2700000000000005,0.0,5.2250000000000005,14107.499999999998,43592.174999999996
Carnes,Pescado,13500.0,1.045,90,18.0,0.0,1.5,2026-10-02,2026-10-02 16:24:22,13500.0,0,0.0,Proxy (Referencia INDEC),31.35,6.2700000000000005,0.0,0.5225,14107.499999999998,43592.174999999996
Carnes,Hígado,5500.0,0.27,135,20.0,3.8,4.0,2026-10-02,2026-10-02 16:24:22,5500.0,0,0.0,Proxy (Referencia INDEC),12.15,1.8,0.34199999999999997,0.36,1485.0,4588.65
Carnes,Paleta cocida,15000.0,0.03,130,18.0,2.0,6.0,2026-10-02,2026-10-02 16:24:22,15000.0,0,0.0,Proxy (Referencia INDEC),1.3,0.18,0.02,0.06,450.0,1390.5
Carnes,Salame,15000.0,0.03,400,20.0,1.0,35.0,2026-10-02,2026-10-02 16:24:22,15000.0,0,0.0,Proxy (Referencia INDEC),4.0,0.2,0.01,0.35,450.0,1390.5
Lácteos y Huevos,Huevos (docena),6000.0,0.6,150,12.5,0.7,10.0,2026-10-02,2026-10-02 16:24:22,6000.0,0,0.0,Proxy (Referencia INDEC),30.0,2.5,0.13999999999999999,2.0,3600.0,11124.0
Lácteos y Huevos,Leche entera,2400.0,9.27,60,3.1,4.7,3.0,2026-10-02,2026-10-02 16:24:22,2400.0,0,0.0,Proxy (Referencia INDEC),185.4,9.579,14.523,9.27,22248.0,68746.31999999999
Lácteos y Huevos,Queso cremoso,16000.0,0.11,300,18.0,1.5,25.0,2026-10-02,2026-10-02 16:24:22,16000.0,0,0.0,Proxy (Referencia INDEC),11.0,0.6599999999999999,0.05499999999999999,0.9166666666666666,1760.0,5438.4
Lácteos y Huevos,Queso cuartirolo,16000.0,0.11,280,19.0,1.5,22.0,2026-10-02,2026-10-02 16:24:22,16000.0,0,0.0,Proxy (Referencia INDEC),10.266666666666666,0.6966666666666667,0.05499999999999999,0.8066666666666666,1760.0,5438.4
Lácteos y Huevos,Queso de rallar,16000.0,0.11,380,33.0,1.5,27.0,2026-10-02,2026-10-02 16:24:22,16000.0,0,0.0,Proxy (Referencia INDEC),13.933333333333332,1.21,0.05499999999999999,0.99,1760.0,5438.4
Lácteos y Huevos,Yogur,3800.0,0.57,65,3.2,9.0,2.5,2026-10-02,2026-10-02 16:24:22,3800.0,0,0.0,Proxy (Referencia INDEC),12.35,0.608,1.71,0.47500000000000003,2166.0,6692.94
Lácteos y Huevos,Manteca,16000.0,0.06,717,0.9,0.1,81.0,2026-10-02,2026-10-02 16:24:22,16000.0,0,0.0,Proxy (Referencia INDEC),14.34,0.018000000000000002,0.002,1.62,960.0,2966.3999999999996
Almacén,Aceite de girasol,4800.0,1.2,884,0.0,0.0,100.0,2026-10-02,2026-10-02 16:24:22,4800.0,0,0.0,Proxy (Referencia INDEC),353.6,0.0,0.0,40.0,5760.0,17798.399999999998
Bebidas,Gaseosa,3200.0,1.15,40,0.0,10.0,0.0,2026-10-02,2026-10-02 16:24:22,3200.0,0,0.0,Proxy (Referencia INDEC),15.333333333333336,0.0,3.833333333333334,0.0,3679.9999999999995,11371.199999999999
Bebidas,Jugo,3200.0,1.15,35,0.0,9.0,0.0,2026-10-02,2026-10-02 16:24:22,3200.0,0,0.0,Proxy (Referencia INDEC),13.416666666666666,0.0,3.45,0.0,3679.9999999999995,11371.199999999999
Bebidas,Soda,3200.0,1.15,0,0.0,0.0,0.0,2026-10-02,2026-10-02 16:24:22,3200.0,0,0.0,Proxy (Referencia INDEC),0.0,0.0,0.0,0.0,3679.9999999999995,11371.199999999999
Bebidas,Cerveza,4500.0,0.54,43,0.5,3.5,0.0,2026-10-02,2026-10-02 16:24:22,4500.0,0,0.0,Proxy (Referencia INDEC),7.74,0.09,0.6300000000000001,0.0,2430.0,7508.7
Bebidas,Vino,4500.0,0.54,85,0.1,2.5,0.0,2026-10-02,2026-10-02 16:24:22,4500.0,0,0.0,Proxy (Referencia INDEC),15.299999999999999,0.018000000000000002,0.45,0.0,2430.0,7508.7
Almacén,Sal fina,1500.0,0.12,0,0.0,0.0,0.0,2026-10-02,2026-10-02 16:24:22,1500.0,0,0.0,Proxy (Referencia INDEC),0.0,0.0,0.0,0.0,180.0,556.1999999999999
Almacén,Mayonesa,7500.0,0.06,680,1.0,3.0,75.0,2026-10-02,2026-10-02 16:24:22,7500.0,0,0.0,Proxy (Referencia INDEC),13.6,0.02,0.06,1.5,450.0,1390.5
Almacén,Caldo en cubo / Polvo,7500.0,0.06,250,10.0,25.0,10.0,2026-10-02,2026-10-02 16:24:22,7500.0,0,0.0,Proxy (Referencia INDEC),5.0,0.2,0.5,0.2,450.0,1390.5
Almacén,Vinagre,2200.0,0.06,18,0.0,0.1,0.0,2026-10-02,2026-10-02 16:24:22,2200.0,0,0.0,Proxy (Referencia INDEC),0.36,0.0,0.002,0.0,132.0,407.88
Almacén,Café,32000.0,0.03,200,14.0,40.0,0.2,2026-10-02,2026-10-02 16:24:22,32000.0,0,0.0,Proxy (Referencia INDEC),2.0,0.14,0.4,0.002,960.0,2966.3999999999996
Almacén,Yerba mate,6500.0,0.51,30,1.0,6.0,0.0,2026-10-02,2026-10-02 16:24:22,6500.0,0,0.0,Proxy (Referencia INDEC),5.1,0.17,1.02,0.0,3315.0,10243.35
Panadería,Pan francés,4500.0,6.75,265,9.0,55.0,1.2,2026-10-03,2026-10-03 14:59:08,4500.0,0,0.0,Proxy (Referencia INDEC),596.25,20.25,123.75000000000001,2.7,30375.0,93858.75
Panadería,Galletitas de agua,6800.0,0.42,420,9.5,68.0,12.0,2026-10-03,2026-10-03 14:59:08,6800.0,0,0.0,Proxy (Referencia INDEC),58.800000000000004,1.33,9.520000000000001,1.68,2856.0,8825.039999999999
Panadería,Galletitas dulces,7500.0,0.21,450,6.5,72.0,15.0,2026-10-03,2026-10-03 14:59:08,7500.0,0,0.0,Proxy (Referencia INDEC),31.5,0.455,5.04,1.05,1575.0,4866.75
Almacén,Arroz blanco,3800.0,1.2,354,7.0,78.0,0.6,2026-10-03,2026-10-03 14:59:08,3800.0,0,0.0,Proxy (Referencia INDEC),141.6,2.8000000000000003,31.200000000000003,0.24,4560.0,14090.4
Almacén,Harina de trigo 000,2200.0,1.08,340,10.0,72.0,1.2,2026-10-03,2026-10-03 14:59:08,2200.0,0,0.0,Proxy (Referencia INDEC),122.39999999999999,3.6,25.919999999999998,0.432,2376.0,7341.839999999999
Almacén,Harina de maíz / Polenta,2800.0,0.21,350,8.0,76.0,1.0,2026-10-03,2026-10-03 14:59:08,2800.0,0,0.0,Proxy (Referencia INDEC),24.5,0.56,5.32,0.07,588.0,1816.9199999999998
Almacén,Fideos secos,3800.0,1.74,355,12.0,73.0,1.5,2026-10-03,2026-10-03 14:59:08,3800.0,0,0.0,Proxy (Referencia INDEC),205.89999999999998,6.96,42.339999999999996,0.87,6612.0,20431.079999999998
Frutas y Verduras,Papa blanca,1800.0,6.51,80,2.0,18.0,0.1,2026-10-03,2026-10-03 14:59:08,1800.0,0,0.0,Proxy (Referencia INDEC),173.60000000000002,4.34,39.059999999999995,0.217,11718.0,36208.619999999995
Frutas y Verduras,Batata,2500.0,0.51,86,1.6,20.0,0.1,2026-10-03,2026-10-03 14:59:08,2500.0,0,0.0,Proxy (Referencia INDEC),14.62,0.272,3.4000000000000004,0.017,1275.0,3939.75
Frutas y Verduras,Cebolla,2200.0,1.146,40,1.1,9.0,0.1,2026-10-03,2026-10-03 14:59:08,2200.0,0,0.0,Proxy (Referencia INDEC),15.280000000000001,0.4202000000000001,3.438,0.038200000000000005,2521.2,7790.507999999999
Frutas y Verduras,Tomate,2200.0,1.146,18,0.9,3.9,0.2,2026-10-03,2026-10-03 14:59:08,2200.0,0,0.0,Proxy (Referencia INDEC),6.876,0.34380000000000005,1.4898,0.07640000000000001,2521.2,7790.507999999999
Frutas y Verduras,Zanahoria,2200.0,1.146,41,0.9,9.6,0.2,2026-10-03,2026-10-03 14:59:08,2200.0,0,0.0,Proxy (Referencia INDEC),15.662,0.34380000000000005,3.6672000000000002,0.07640000000000001,2521.2,7790.507999999999
Frutas y Verduras,Zapallo,2200.0,1.146,26,1.0,6.5,0.1,2026-10-03,2026-10-03 14:59:08,2200.0,0,0.0,Proxy (Referencia INDEC),9.932,0.38200000000000006,2.483,0.038200000000000005,2521.2,7790.507999999999
Frutas y Verduras,Acelga,2200.0,1.146,19,1.8,3.7,0.2,2026-10-03,2026-10-03 14:59:08,2200.0,0,0.0,Proxy (Referencia INDEC),7.258000000000001,0.6876000000000001,1.4134000000000002,0.07640000000000001,2521.2,7790.507999999999
Frutas y Verduras,Manzana,2800.0,1.2375,52,0.3,13.8,0.2,2026-10-03,2026-10-03 14:59:08,2800.0,0,0.0,Proxy (Referencia INDEC),21.45,0.12375,5.692500000000001,0.0825,3465.0,10706.85
Frutas y Verduras,Naranja,2800.0,1.2375,47,0.9,11.8,0.1,2026-10-03,2026-10-03 14:59:08,2800.0,0,0.0,Proxy (Referencia INDEC),19.3875,0.37125,4.867500000000001,0.04125,3465.0,10706.85
Frutas y Verduras,Banana,2800.0,1.2375,89,1.1,22.8,0.3,2026-10-03,2026-10-03 14:59:08,2800.0,0,0.0,Proxy (Referencia INDEC),36.7125,0.45375000000000004,9.405000000000001,0.12375,3465.0,10706.85
Frutas y Verduras,Pera,2800.0,1.2375,57,0.4,15.0,0.1,2026-10-03,2026-10-03 14:59:08,2800.0,0,0.0,Proxy (Referencia INDEC),23.5125,0.165,6.1875,0.04125,3465.0,10706.85
Almacén,Azúcar,2000.0,1.23,387,0.0,100.0,0.0,2026-10-03,2026-10-03 14:59:08,2000.0,0,0.0,Proxy (Referencia INDEC),158.67000000000002,0.0,41.0,0.0,2460.0,7601.4
Almacén,Dulce de leche,6500.0,0.11,315,7.0,55.0,7.0,2026-10-03,2026-10-03 14:59:08,6500.0,0,0.0,Proxy (Referencia INDEC),11.549999999999999,0.25666666666666665,2.0166666666666666,0.25666666666666665,715.0,2209.35
Almacén,Mermelada,6500.0,0.11,260,0.5,65.0,0.1,2026-10-03,2026-10-03 14:59:08,6500.0,0,0.0,Proxy (Referencia INDEC),9.533333333333333,0.018333333333333333,2.3833333333333333,0.0036666666666666666,715.0,2209.35
Almacén,Dulce de batata,6500.0,0.11,255,0.5,63.0,0.1,2026-10-03,2026-10-03 14:59:08,6500.0,0,0.0,Proxy (Referencia INDEC),9.35,0.018333333333333333,2.31,0.0036666666666666666,715.0,2209.35
Almacén,Lentejas,4200.0,0.12,340,24.0,60.0,1.0,2026-10-03,2026-10-03 14:59:08,4200.0,0,0.0,Proxy (Referencia INDEC),13.6,0.96,2.4,0.04,504.0,1557.36
Almacén,Arvejas,4200.0,0.12,340,22.0,60.0,1.2,2026-10-03,2026-10-03 14:59:08,4200.0,0,0.0,Proxy (Referencia INDEC),13.6,0.88,2.4,0.048,504.0,1557.36
Carnes,Asado,13500.0,1.045,250,18.0,0.0,20.0,2026-10-03,2026-10-03 14:59:08,13500.0,0,0.0,Proxy (Referencia INDEC),87.08333333333334,6.2700000000000005,0.0,6.966666666666668,14107.499999999998,43592.174999999996
Carnes,Carne picada,13500.0,1.045,210,19.0,0.0,15.0,2026-10-03,2026-10-03 14:59:08,13500.0,0,0.0,Proxy (Referencia INDEC),73.15,6.618333333333334,0.0,5.2250000000000005,14107.499999999998,43592.174999999996
Carnes,Paleta,13500.0,1.045,170,20.0,0.0,10.0,2026-10-03,2026-10-03 14:59:08,13500.0,0,0.0,Proxy (Referencia INDEC),59.21666666666667,6.966666666666668,0.0,3.483333333333334,14107.499999999998,43592.174999999996
Carnes,Nalga,13500.0,1.045,140,21.0,0.0,5.0,2026-10-03,2026-10-03 14:59:08,13500.0,0,0.0,Proxy (Referencia INDEC),48.766666666666666,7.315,0.0,1.741666666666667,14107.499999999998,43592.174999999996
Carnes,Pollo entero,13500.0,1.045,215,18.0,0.0,15.0,2026-10-03,2026-10-03 14:59:08,13500.0,0,0.0,Proxy (Referencia INDEC),74.89166666666667,6.2700000000000005,0.0,5.2250000000000005,14107.499999999998,43592.174999999996
Carnes,Pescado,13500.0,1.045,90,18.0,0.0,1.5,2026-10-03,2026-10-03 14:59:08,13500.0,0,0.0,Proxy (Referencia INDEC),31.35,6.2700000000000005,0.0,0.5225,14107.499999999998,43592.174999999996
Carnes,Hígado,5500.0,0.27,135,20.0,3.8,4.0,2026-10-03,2026-10-03 14:59:08,5500.0,0,0.0,Proxy (Referencia INDEC),12.15,1.8,0.34199999999999997,0.36,1485.0,4588.65
Carnes,Paleta cocida,15000.0,0.03,130,18.0,2.0,6.0,2026-10-03,2026-10-03 14:59:08,15000.0,0,0.0,Proxy (Referencia INDEC),1.3,0.18,0.02,0.06,450.0,1390.5
Carnes,Salame,15000.0,0.03,400,20.0,1.0,35.0,2026-10-03,2026-10-03 14:59:08,15000.0,0,0.0,Proxy (Referencia INDEC),4.0,0.2,0.01,0.35,450.0,1390.5
Lácteos y Huevos,Huevos (docena),6000.0,0.6,150,12.5,0.7,10.0,2026-10-03,2026-10-03 14:59:08,6000.0,0,0.0,Proxy (Referencia INDEC),30.0,2.5,0.13999999999999999,2.0,3600.0,11124.0
Lácteos y Huevos,Leche entera,2400.0,9.27,60,3.1,4.7,3.0,2026-10-03,2026-10-03 14:59:08,2400.0,0,0.0,Proxy (Referencia INDEC),185.4,9.579,14.523,9.27,22248.0,68746.31999999999
Lácteos y Huevos,Queso cremoso,16000.0,0.11,300,18.0,1.5,25.0,2026-10-03,2026-10-03 14:59:08,16000.0,0,0.0,Proxy (Referencia INDEC),11.0,0.6599999999999999,0.05499999999999999,0.9166666666666666,1760.0,5438.4
Lácteos y Huevos,Queso cuartirolo,16000.0,0.11,280,19.0,1.5,22.0,2026-10-03,2026-10-03 14:59:08,16000.0,0,0.0,Proxy (Referencia INDEC),10.266666666666666,0.6966666666666667,0.05499999999999999,0.8066666666666666,1760.0,5438.4
Lácteos y Huevos,Queso de rallar,16000.0,0.11,380,33.0,1.5,27.0,2026-10-03,2026-10-03 14:59:08,16000.0,0,0.0,Proxy (Referencia INDEC),13.933333333333332,1.21,0.05499999999999999,0.99,1760.0,5438.4
Lácteos y Huevos,Yogur,3800.0,0.57,65,3.2,9.0,2.5,2026-10-03,2026-10-03 14:59:08,3800.0,0,0.0,Proxy (Referencia INDEC),12.35,0.608,1.71,0.47500000000000003,2166.0,6692.94
Lácteos y Huevos,Manteca,16000.0,0.06,717,0.9,0.1,81.0,2026-10-03,2026-10-03 14:59:08,16000.0,0,0.0,Proxy (Referencia INDEC),14.34,0.018000000000000002,0.002,1.62,960.0,2966.3999999999996
Almacén,Aceite de girasol,4800.0,1.2,884,0.0,0.0,100.0,2026-10-03,2026-10-03 14:59:08,4800.0,0,0.0,Proxy (Referencia INDEC),353.6,0.0,0.0,40.0,5760.0,17798.399999999998
Bebidas,Gaseosa,3200.0,1.15,40,0.0,10.0,0.0,2026-10-03,2026-10-03 14:59:08,3200.0,0,0.0,Proxy (Referencia INDEC),15.333333333333336,0.0,3.833333333333334,0.0,3679.9999999999995,11371.199999999999
Bebidas,Jugo,3200.0,1.15,35,0.0,9.0,0.0,2026-10-03,2026-10-03 14:59:08,3200.0,0,0.0,Proxy (Referencia INDEC),13.416666666666666,0.0,3.45,0.0,3679.9999999999995,11371.199999999999
Bebidas,Soda,3200.0,1.15,0,0.0,0.0,0.0,2026-10-03,2026-10-03 14:59:08,3200.0,0,0.0,Proxy (Referencia INDEC),0.0,0.0,0.0,0.0,3679.9999999999995,11371.199999999999
Bebidas,Cerveza,4500.0,0.54,43,0.5,3.5,0.0,2026-10-03,2026-10-03 14:59:08,4500.0,0,0.0,Proxy (Referencia INDEC),7.74,0.09,0.6300000000000001,0.0,2430.0,7508.7
Bebidas,Vino,4500.0,0.54,85,0.1,2.5,0.0,2026-10-03,2026-10-03 14:59:08,4500.0,0,0.0,Proxy (Referencia INDEC),15.299999999999999,0.018000000000000002,0.45,0.0,2430.0,7508.7
Almacén,Sal fina,1500.0,0.12,0,0.0,0.0,0.0,2026-10-03,2026-10-03 14:59:08,1500.0,0,0.0,Proxy (Referencia INDEC),0.0,0.0,0.0,0.0,180.0,556.1999999999999
Almacén,Mayonesa,7500.0,0.06,680,1.0,3.0,75.0,2026-10-03,2026-10-03 14:59:08,7500.0,0,0.0,Proxy (Referencia INDEC),13.6,0.02,0.06,1.5,450.0,1390.5
Almacén,Caldo en cubo / Polvo,7500.0,0.06,250,10.0,25.0,10.0,2026-10-03,2026-10-03 14:59:08,7500.0,0,0.0,Proxy (Referencia INDEC),5.0,0.2,0.5,0.2,450.0,1390.5
Almacén,Vinagre,2200.0,0.06,18,0.0,0.1,0.0,2026-10-03,2026-10-03 14:59:08,2200.0,0,0.0,Proxy (Referencia INDEC),0.36,0.0,0.002,0.0,132.0,407.88
Almacén,Café,32000.0,0.03,200,14.0,40.0,0.2,2026-10-03,2026-10-03 14:59:08,32000.0,0,0.0,Proxy (Referencia INDEC),2.0,0.14,0.4,0.002,960.0,2966.3999999999996
Almacén,Yerba mate,6500.0,0.51,30,1.0,6.0,0.0,2026-10-03,2026-10-03 14:59:08,6500.0,0,0.0,Proxy (Referencia INDEC),5.1,0.17,1.02,0.0,3315.0,10243.35
Panadería,Pan francés,4500.0,6.75,265,9.0,55.0,1.2,2026-10-04,2026-10-04 15:32:18,4500.0,0,0.0,Proxy (Referencia INDEC),596.25,20.25,123.75000000000001,2.7,30375.0,93858.75
Panadería,Galletitas de agua,6800.0,0.42,420,9.5,68.0,12.0,2026-10-04,2026-10-04 15:32:18,6800.0,0,0.0,Proxy (Referencia INDEC),58.800000000000004,1.33,9.520000000000001,1.68,2856.0,8825.039999999999
Panadería,Galletitas dulces,7500.0,0.21,450,6.5,72.0,15.0,2026-10-04,2026-10-04 15:32:18,7500.0,0,0.0,Proxy (Referencia INDEC),31.5,0.455,5.04,1.05,1575.0,4866.75
Almacén,Arroz blanco,3800.0,1.2,354,7.0,78.0,0.6,2026-10-04,2026-10-04 15:32:18,3800.0,0,0.0,Proxy (Referencia INDEC),141.6,2.8000000000000003,31.200000000000003,0.24,4560.0,14090.4
Almacén,Harina de trigo 000,2200.0,1.08,340,10.0,72.0,1.2,2026-10-04,2026-10-04 15:32:18,2200.0,0,0.0,Proxy (Referencia INDEC),122.39999999999999,3.6,25.919999999999998,0.432,2376.0,7341.839999999999
Almacén,Harina de maíz / Polenta,2800.0,0.21,350,8.0,76.0,1.0,2026-10-04,2026-10-04 15:32:18,2800.0,0,0.0,Proxy (Referencia INDEC),24.5,0.56,5.32,0.07,588.0,1816.9199999999998
Almacén,Fideos secos,3800.0,1.74,355,12.0,73.0,1.5,2026-10-04,2026-10-04 15:32:18,3800.0,0,0.0,Proxy (Referencia INDEC),205.89999999999998,6.96,42.339999999999996,0.87,6612.0,20431.079999999998
Frutas y Verduras,Papa blanca,1800.0,6.51,80,2.0,18.0,0.1,2026-10-04,2026-10-04 15:32:18,1800.0,0,0.0,Proxy (Referencia INDEC),173.60000000000002,4.34,39.059999999999995,0.217,11718.0,36208.619999999995
Frutas y Verduras,Batata,2500.0,0.51,86,1.6,20.0,0.1,2026-10-04,2026-10-04 15:32:18,2500.0,0,0.0,Proxy (Referencia INDEC),14.62,0.272,3.4000000000000004,0.017,1275.0,3939.75
Frutas y Verduras,Cebolla,2200.0,1.146,40,1.1,9.0,0.1,2026-10-04,2026-10-04 15:32:18,2200.0,0,0.0,Proxy (Referencia INDEC),15.280000000000001,0.4202000000000001,3.438,0.038200000000000005,2521.2,7790.507999999999
Frutas y Verduras,Tomate,2200.0,1.146,18,0.9,3.9,0.2,2026-10-04,2026-10-04 15:32:18,2200.0,0,0.0,Proxy (Referencia INDEC),6.876,0.34380000000000005,1.4898,0.07640000000000001,2521.2,7790.507999999999
Frutas y Verduras,Zanahoria,2200.0,1.146,41,0.9,9.6,0.2,2026-10-04,2026-10-04 15:32:18,2200.0,0,0.0,Proxy (Referencia INDEC),15.662,0.34380000000000005,3.6672000000000002,0.07640000000000001,2521.2,7790.507999999999
Frutas y Verduras,Zapallo,2200.0,1.146,26,1.0,6.5,0.1,2026-10-04,2026-10-04 15:32:18,2200.0,0,0.0,Proxy (Referencia INDEC),9.932,0.38200000000000006,2.483,0.038200000000000005,2521.2,7790.507999999999
Frutas y Verduras,Acelga,2200.0,1.146,19,1.8,3.7,0.2,2026-10-04,2026-10-04 15:32:18,2200.0,0,0.0,Proxy (Referencia INDEC),7.258000000000001,0.6876000000000001,1.4134000000000002,0.07640000000000001,2521.2,7790.507999999999
Frutas y Verduras,Manzana,2800.0,1.2375,52,0.3,13.8,0.2,2026-10-04,2026-10-04 15:32:18,2800.0,0,0.0,Proxy (Referencia INDEC),21.45,0.12375,5.692500000000001,0.0825,3465.0,10706.85
Frutas y Verduras,Naranja,2800.0,1.2375,47,0.9,11.8,0.1,2026-10-04,2026-10-04 15:32:18,2800.0,0,0.0,Proxy (Referencia INDEC),19.3875,0.37125,4.867500000000001,0.04125,3465.0,10706.85
Frutas y Verduras,Banana,2800.0,1.2375,89,1.1,22.8,0.3,2026-10-04,2026-10-04 15:32:18,2800.0,0,0.0,Proxy (Referencia INDEC),36.7125,0.45375000000000004,9.405000000000001,0.12375,3465.0,10706.85
Frutas y Verduras,Pera,2800.0,1.2375,57,0.4,15.0,0.1,2026-10-04,2026-10-04 15:32:18,2800.0,0,0.0,Proxy (Referencia INDEC),23.5125,0.165,6.1875,0.04125,3465.0,10706.85
Almacén,Azúcar,2000.0,1.23,387,0.0,100.0,0.0,2026-10-04,2026-10-04 15:32:18,2000.0,0,0.0,Proxy (Referencia INDEC),158.67000000000002,0.0,41.0,0.0,2460.0,7601.4
Almacén,Dulce de leche,6500.0,0.11,315,7.0,55.0,7.0,2026-10-04,2026-10-04 15:32:18,6500.0,0,0.0,Proxy (Referencia INDEC),11.549999999999999,0.25666666666666665,2.0166666666666666,0.25666666666666665,715.0,2209.35
Almacén,Mermelada,6500.0,0.11,260,0.5,65.0,0.1,2026-10-04,2026-10-04 15:32:18,6500.0,0,0.0,Proxy (Referencia INDEC),9.533333333333333,0.018333333333333333,2.3833333333333333,0.0036666666666666666,715.0,2209.35
Almacén,Dulce de batata,6500.0,0.11,255,0.5,63.0,0.1,2026-10-04,2026-10-04 15:32:18,6500.0,0,0.0,Proxy (Referencia INDEC),9.35,0.018333333333333333,2.31,0.0036666666666666666,715.0,2209.35
Almacén,Lentejas,4200.0,0.12,340,24.0,60.0,1.0,2026-10-04,2026-10-04 15:32:18,4200.0,0,0.0,Proxy (Referencia INDEC),13.6,0.96,2.4,0.04,504.0,1557.36
Almacén,Arvejas,4200.0,0.12,340,22.0,60.0,1.2,2026-10-04,2026-10-04 15:32:18,4200.0,0,0.0,Proxy (Referencia INDEC),13.6,0.88,2.4,0.048,504.0,1557.36
Carnes,Asado,13500.0,1.045,250,18.0,0.0,20.0,2026-10-04,2026-10-04 15:32:18,13500.0,0,0.0,Proxy (Referencia INDEC),87.08333333333334,6.2700000000000005,0.0,6.966666666666668,14107.499999999998,43592.174999999996
Carnes,Carne picada,13500.0,1.045,210,19.0,0.0,15.0,2026-10-04,2026-10-04 15:32:18,13500.0,0,0.0,Proxy (Referencia INDEC),73.15,6.618333333333334,0.0,5.2250000000000005,14107.499999999998,43592.174999999996
Carnes,Paleta,13500.0,1.045,170,20.0,0.0,10.0,2026-10-04,2026-10-04 15:32:18,13500.0,0,0.0,Proxy (Referencia INDEC),59.21666666666667,6.966666666666668,0.0,3.483333333333334,14107.499999999998,43592.174999999996
Carnes,Nalga,13500.0,1.045,140,21.0,0.0,5.0,2026-10-04,2026-10-04 15:32:18,13500.0,0,0.0,Proxy (Referencia INDEC),48.766666666666666,7.315,0.0,1.741666666666667,14107.499999999998,43592.174999999996
Carnes,Pollo entero,13500.0,1.045,215,18.0,0.0,15.0,2026-10-04,2026-10-04 15:32:18,13500.0,0,0.0,Proxy (Referencia INDEC),74.89166666666667,6.2700000000000005,0.0,5.2250000000000005,14107.499999999998,43592.174999999996
Carnes,Pescado,13500.0,1.045,90,18.0,0.0,1.5,2026-10-04,2026-10-04 15:32:18,13500.0,0,0.0,Proxy (Referencia INDEC),31.35,6.2700000000000005,0.0,0.5225,14107.499999999998,43592.174999999996
Carnes,Hígado,5500.0,0.27,135,20.0,3.8,4.0,2026-10-04,2026-10-04 15:32:18,5500.0,0,0.0,Proxy (Referencia INDEC),12.15,1.8,0.34199999999999997,0.36,1485.0,4588.65
Carnes,Paleta cocida,15000.0,0.03,130,18.0,2.0,6.0,2026-10-04,2026-10-04 15:32:18,15000.0,0,0.0,Proxy (Referencia INDEC),1.3,0.18,0.02,0.06,450.0,1390.5
Carnes,Salame,15000.0,0.03,400,20.0,1.0,35.0,2026-10-04,2026-10-04 15:32:18,15000.0,0,0.0,Proxy (Referencia INDEC),4.0,0.2,0.01,0.35,450.0,1390.5
Lácteos y Huevos,Huevos (docena),6000.0,0.6,150,12.5,0.7,10.0,2026-10-04,2026-10-04 15:32:18,6000.0,0,0.0,Proxy (Referencia INDEC),30.0,2.5,0.13999999999999999,2.0,3600.0,11124.0
Lácteos y Huevos,Leche entera,2400.0,9.27,60,3.1,4.7,3.0,2026-10-04,2026-10-04 15:32:18,2400.0,0,0.0,Proxy (Referencia INDEC),185.4,9.579,14.523,9.27,22248.0,68746.31999999999
Lácteos y Huevos,Queso cremoso,16000.0,0.11,300,18.0,1.5,25.0,2026-10-04,2026-10-04 15:32:18,16000.0,0,0.0,Proxy (Referencia INDEC),11.0,0.6599999999999999,0.05499999999999999,0.9166666666666666,1760.0,5438.4
Lácteos y Huevos,Queso cuartirolo,16000.0,0.11,280,19.0,1.5,22.0,2026-10-04,2026-10-04 15:32:18,16000.0,0,0.0,Proxy (Referencia INDEC),10.266666666666666,0.6966666666666667,0.05499999999999999,0.8066666666666666,1760.0,5438.4
Lácteos y Huevos,Queso de rallar,16000.0,0.11,380,33.0,1.5,27.0,2026-10-04,2026-10-04 15:32:18,16000.0,0,0.0,Proxy (Referencia INDEC),13.933333333333332,1.21,0.05499999999999999,0.99,1760.0,5438.4
Lácteos y Huevos,Yogur,3800.0,0.57,65,3.2,9.0,2.5,2026-10-04,2026-10-04 15:32:18,3800.0,0,0.0,Proxy (Referencia INDEC),12.35,0.608,1.71,0.47500000000000003,2166.0,6692.94
Lácteos y Huevos,Manteca,16000.0,0.06,717,0.9,0.1,81.0,2026-10-04,2026-10-04 15:32:18,16000.0,0,0.0,Proxy (Referencia INDEC),14.34,0.018000000000000002,0.002,1.62,960.0,2966.3999999999996
Almacén,Aceite de girasol,4800.0,1.2,884,0.0,0.0,100.0,2026-10-04,2026-10-04 15:32:18,4800.0,0,0.0,Proxy (Referencia INDEC),353.6,0.0,0.0,40.0,5760.0,17798.399999999998
Bebidas,Gaseosa,3200.0,1.15,40,0.0,10.0,0.0,2026-10-04,2026-10-04 15:32:18,3200.0,0,0.0,Proxy (Referencia INDEC),15.333333333333336,0.0,3.833333333333334,0.0,3679.9999999999995,11371.199999999999
Bebidas,Jugo,3200.0,1.15,35,0.0,9.0,0.0,2026-10-04,2026-10-04 15:32:18,3200.0,0,0.0,Proxy (Referencia INDEC),13.416666666666666,0.0,3.45,0.0,3679.9999999999995,11371.199999999999
Bebidas,Soda,3200.0,1.15,0,0.0,0.0,0.0,2026-10-04,2026-10-04 15:32:18,3200.0,0,0.0,Proxy (Referencia INDEC),0.0,0.0,0.0,0.0,3679.9999999999995,11371.199999999999
Bebidas,Cerveza,4500.0,0.54,43,0.5,3.5,0.0,2026-10-04,2026-10-04 15:32:18,4500.0,0,0.0,Proxy (Referencia INDEC),7.74,0.09,0.6300000000000001,0.0,2430.0,7508.7
Bebidas,Vino,4500.0,0.54,85,0.1,2.5,0.0,2026-10-04,2026-10-04 15:32:18,4500.0,0,0.0,Proxy (Referencia INDEC),15.299999999999999,0.018000000000000002,0.45,0.0,2430.0,7508.7
Almacén,Sal fina,1500.0,0.12,0,0.0,0.0,0.0,2026-10-04,2026-10-04 15:32:18,1500.0,0,0.0,Proxy (Referencia INDEC),0.0,0.0,0.0,0.0,180.0,556.1999999999999
Almacén,Mayonesa,7500.0,0.06,680,1.0,3.0,75.0,2026-10-04,2026-10-04 15:32:18,7500.0,0,0.0,Proxy (Referencia INDEC),13.6,0.02,0.06,1.5,450.0,1390.5
Almacén,Caldo en cubo / Polvo,7500.0,0.06,250,10.0,25.0,10.0,2026-10-04,2026-10-04 15:32:18,7500.0,0,0.0,Proxy (Referencia INDEC),5.0,0.2,0.5,0.2,450.0,1390.5
Almacén,Vinagre,2200.0,0.06,18,0.0,0.1,0.0,2026-10-04,2026-10-04 15:32:18,2200.0,0,0.0,Proxy (Referencia INDEC),0.36,0.0,0.002,0.0,132.0,407.88
Almacén,Café,32000.0,0.03,200,14.0,40.0,0.2,2026-10-04,2026-10-04 15:32:18,32000.0,0,0.0,Proxy (Referencia INDEC),2.0,0.14,0.4,0.002,960.0,2966.3999999999996
Almacén,Yerba mate,6500.0,0.51,30,1.0,6.0,0.0,2026-10-04,2026-10-04 15:32:18,6500.0,0,0.0,Proxy (Referencia INDEC),5.1,0.17,1.02,0.0,3315.0,10243.35
Panadería,Pan francés,4500.0,6.75,265,9.0,55.0,1.2,2026-10-05,2026-10-05 19:31:22,4500.0,0,0.0,Proxy (Referencia INDEC),596.25,20.25,123.75000000000001,2.7,30375.0,93858.75
Panadería,Galletitas de agua,6800.0,0.42,420,9.5,68.0,12.0,2026-10-05,2026-10-05 19:31:22,6800.0,0,0.0,Proxy (Referencia INDEC),58.800000000000004,1.33,9.520000000000001,1.68,2856.0,8825.039999999999
Panadería,Galletitas dulces,7500.0,0.21,450,6.5,72.0,15.0,2026-10-05,2026-10-05 19:31:22,7500.0,0,0.0,Proxy (Referencia INDEC),31.5,0.455,5.04,1.05,1575.0,4866.75
Almacén,Arroz blanco,3800.0,1.2,354,7.0,78.0,0.6,2026-10-05,2026-10-05 19:31:22,3800.0,0,0.0,Proxy (Referencia INDEC),141.6,2.8000000000000003,31.200000000000003,0.24,4560.0,14090.4
Almacén,Harina de trigo 000,2200.0,1.08,340,10.0,72.0,1.2,2026-10-05,2026-10-05 19:31:22,2200.0,0,0.0,Proxy (Referencia INDEC),122.39999999999999,3.6,25.919999999999998,0.432,2376.0,7341.839999999999
Almacén,Harina de maíz / Polenta,2800.0,0.21,350,8.0,76.0,1.0,2026-10-05,2026-10-05 19:31:22,2800.0,0,0.0,Proxy (Referencia INDEC),24.5,0.56,5.32,0.07,588.0,1816.9199999999998
Almacén,Fideos secos,3800.0,1.74,355,12.0,73.0,1.5,2026-10-05,2026-10-05 19:31:22,3800.0,0,0.0,Proxy (Referencia INDEC),205.89999999999998,6.96,42.339999999999996,0.87,6612.0,20431.079999999998
Frutas y Verduras,Papa blanca,1800.0,6.51,80,2.0,18.0,0.1,2026-10-05,2026-10-05 19:31:22,1800.0,0,0.0,Proxy (Referencia INDEC),173.60000000000002,4.34,39.059999999999995,0.217,11718.0,36208.619999999995
Frutas y Verduras,Batata,2500.0,0.51,86,1.6,20.0,0.1,2026-10-05,2026-10-05 19:31:22,2500.0,0,0.0,Proxy (Referencia INDEC),14.62,0.272,3.4000000000000004,0.017,1275.0,3939.75
Frutas y Verduras,Cebolla,2200.0,1.146,40,1.1,9.0,0.1,2026-10-05,2026-10-05 19:31:22,2200.0,0,0.0,Proxy (Referencia INDEC),15.280000000000001,0.4202000000000001,3.438,0.038200000000000005,2521.2,7790.507999999999
Frutas y Verduras,Tomate,2200.0,1.146,18,0.9,3.9,0.2,2026-10-05,2026-10-05 19:31:22,2200.0,0,0.0,Proxy (Referencia INDEC),6.876,0.34380000000000005,1.4898,0.07640000000000001,2521.2,7790.507999999999
Frutas y Verduras,Zanahoria,2200.0,1.146,41,0.9,9.6,0.2,2026-10-05,2026-10-05 19:31:22,2200.0,0,0.0,Proxy (Referencia INDEC),15.662,0.34380000000000005,3.6672000000000002,0.07640000000000001,2521.2,7790.507999999999
Frutas y Verduras,Zapallo,2200.0,1.146,26,1.0,6.5,0.1,2026-10-05,2026-10-05 19:31:22,2200.0,0,0.0,Proxy (Referencia INDEC),9.932,0.38200000000000006,2.483,0.038200000000000005,2521.2,7790.507999999999
Frutas y Verduras,Acelga,2200.0,1.146,19,1.8,3.7,0.2,2026-10-05,2026-10-05 19:31:22,2200.0,0,0.0,Proxy (Referencia INDEC),7.258000000000001,0.6876000000000001,1.4134000000000002,0.07640000000000001,2521.2,7790.507999999999
Frutas y Verduras,Manzana,2800.0,1.2375,52,0.3,13.8,0.2,2026-10-05,2026-10-05 19:31:22,2800.0,0,0.0,Proxy (Referencia INDEC),21.45,0.12375,5.692500000000001,0.0825,3465.0,10706.85
Frutas y Verduras,Naranja,2800.0,1.2375,47,0.9,11.8,0.1,2026-10-05,2026-10-05 19:31:22,2800.0,0,0.0,Proxy (Referencia INDEC),19.3875,0.37125,4.867500000000001,0.04125,3465.0,10706.85
Frutas y Verduras,Banana,2800.0,1.2375,89,1.1,22.8,0.3,2026-10-05,2026-10-05 19:31:22,2800.0,0,0.0,Proxy (Referencia INDEC),36.7125,0.45375000000000004,9.405000000000001,0.12375,3465.0,10706.85
Frutas y Verduras,Pera,2800.0,1.2375,57,0.4,15.0,0.1,2026-10-05,2026-10-05 19:31:22,2800.0,0,0.0,Proxy (Referencia INDEC),23.5125,0.165,6.1875,0.04125,3465.0,10706.85
Almacén,Azúcar,2000.0,1.23,387,0.0,100.0,0.0,2026-10-05,2026-10-05 19:31:22,2000.0,0,0.0,Proxy (Referencia INDEC),158.67000000000002,0.0,41.0,0.0,2460.0,7601.4
Almacén,Dulce de leche,6500.0,0.11,315,7.0,55.0,7.0,2026-10-05,2026-10-05 19:31:22,6500.0,0,0.0,Proxy (Referencia INDEC),11.549999999999999,0.25666666666666665,2.0166666666666666,0.25666666666666665,715.0,2209.35
Almacén,Mermelada,6500.0,0.11,260,0.5,65.0,0.1,2026-10-05,2026-10-05 19:31:22,6500.0,0,0.0,Proxy (Referencia INDEC),9.533333333333333,0.018333333333333333,2.3833333333333333,0.0036666666666666666,715.0,2209.35
Almacén,Dulce de batata,6500.0,0.11,255,0.5,63.0,0.1,2026-10-05,2026-10-05 19:31:22,6500.0,0,0.0,Proxy (Referencia INDEC),9.35,0.018333333333333333,2.31,0.0036666666666666666,715.0,2209.35
Almacén,Lentejas,4200.0,0.12,340,24.0,60.0,1.0,2026-10-05,2026-10-05 19:31:22,4200.0,0,0.0,Proxy (Referencia INDEC),13.6,0.96,2.4,0.04,504.0,1557.36
Almacén,Arvejas,4200.0,0.12,340,22.0,60.0,1.2,2026-10-05,2026-10-05 19:31:22,4200.0,0,0.0,Proxy (Referencia INDEC),13.6,0.88,2.4,0.048,504.0,1557.36
Carnes,Asado,13500.0,1.045,250,18.0,0.0,20.0,2026-10-05,2026-10-05 19:31:22,13500.0,0,0.0,Proxy (Referencia INDEC),87.08333333333334,6.2700000000000005,0.0,6.966666666666668,14107.499999999998,43592.174999999996
Carnes,Carne picada,13500.0,1.045,210,19.0,0.0,15.0,2026-10-05,2026-10-05 19:31:22,13500.0,0,0.0,Proxy (Referencia INDEC),73.15,6.618333333333334,0.0,5.2250000000000005,14107.499999999998,43592.174999999996
Carnes,Paleta,13500.0,1.045,170,20.0,0.0,10.0,2026-10-05,2026-10-05 19:31:22,13500.0,0,0.0,Proxy (Referencia INDEC),59.21666666666667,6.966666666666668,0.0,3.483333333333334,14107.499999999998,43592.174999999996
Carnes,Nalga,13500.0,1.045,140,21.0,0.0,5.0,2026-10-05,2026-10-05 19:31:22,13500.0,0,0.0,Proxy (Referencia INDEC),48.766666666666666,7.315,0.0,1.741666666666667,14107.499999999998,43592.174999999996
Carnes,Pollo entero,13500.0,1.045,215,18.0,0.0,15.0,2026-10-05,2026-10-05 19:31:22,13500.0,0,0.0,Proxy (Referencia INDEC),74.89166666666667,6.2700000000000005,0.0,5.2250000000000005,14107.499999999998,43592.174999999996
Carnes,Pescado,13500.0,1.045,90,18.0,0.0,1.5,2026-10-05,2026-10-05 19:31:22,13500.0,0,0.0,Proxy (Referencia INDEC),31.35,6.2700000000000005,0.0,0.5225,14107.499999999998,43592.174999999996
Carnes,Hígado,5500.0,0.27,135,20.0,3.8,4.0,2026-10-05,2026-10-05 19:31:22,5500.0,0,0.0,Proxy (Referencia INDEC),12.15,1.8,0.34199999999999997,0.36,1485.0,4588.65
Carnes,Paleta cocida,15000.0,0.03,130,18.0,2.0,6.0,2026-10-05,2026-10-05 19:31:22,15000.0,0,0.0,Proxy (Referencia INDEC),1.3,0.18,0.02,0.06,450.0,1390.5
Carnes,Salame,15000.0,0.03,400,20.0,1.0,35.0,2026-10-05,2026-10-05 19:31:22,15000.0,0,0.0,Proxy (Referencia INDEC),4.0,0.2,0.01,0.35,450.0,1390.5
Lácteos y Huevos,Huevos (docena),6000.0,0.6,150,12.5,0.7,10.0,2026-10-05,2026-10-05 19:31:22,6000.0,0,0.0,Proxy (Referencia INDEC),30.0,2.5,0.13999999999999999,2.0,3600.0,11124.0
Lácteos y Huevos,Leche entera,2400.0,9.27,60,3.1,4.7,3.0,2026-10-05,2026-10-05 19:31:22,2400.0,0,0.0,Proxy (Referencia INDEC),185.4,9.579,14.523,9.27,22248.0,68746.31999999999
Lácteos y Huevos,Queso cremoso,16000.0,0.11,300,18.0,1.5,25.0,2026-10-05,2026-10-05 19:31:22,16000.0,0,0.0,Proxy (Referencia INDEC),11.0,0.6599999999999999,0.05499999999999999,0.9166666666666666,1760.0,5438.4
Lácteos y Huevos,Queso cuartirolo,16000.0,0.11,280,19.0,1.5,22.0,2026-10-05,2026-10-05 19:31:22,16000.0,0,0.0,Proxy (Referencia INDEC),10.266666666666666,0.6966666666666667,0.05499999999999999,0.8066666666666666,1760.0,5438.4
Lácteos y Huevos,Queso de rallar,16000.0,0.11,380,33.0,1.5,27.0,2026-10-05,2026-10-05 19:31:22,16000.0,0,0.0,Proxy (Referencia INDEC),13.933333333333332,1.21,0.05499999999999999,0.99,1760.0,5438.4
Lácteos y Huevos,Yogur,3800.0,0.57,65,3.2,9.0,2.5,2026-10-05,2026-10-05 19:31:22,3800.0,0,0.0,Proxy (Referencia INDEC),12.35,0.608,1.71,0.47500000000000003,2166.0,6692.94
Lácteos y Huevos,Manteca,16000.0,0.06,717,0.9,0.1,81.0,2026-10-05,2026-10-05 19:31:22,16000.0,0,0.0,Proxy (Referencia INDEC),14.34,0.018000000000000002,0.002,1.62,960.0,2966.3999999999996
Almacén,Aceite de girasol,4800.0,1.2,884,0.0,0.0,100.0,2026-10-05,2026-10-05 19:31:22,4800.0,0,0.0,Proxy (Referencia INDEC),353.6,0.0,0.0,40.0,5760.0,17798.399999999998
Bebidas,Gaseosa,3200.0,1.15,40,0.0,10.0,0.0,2026-10-05,2026-10-05 19:31:22,3200.0,0,0.0,Proxy (Referencia INDEC),15.333333333333336,0.0,3.833333333333334,0.0,3679.9999999999995,11371.199999999999
Bebidas,Jugo,3200.0,1.15,35,0.0,9.0,0.0,2026-10-05,2026-10-05 19:31:22,3200.0,0,0.0,Proxy (Referencia INDEC),13.416666666666666,0.0,3.45,0.0,3679.9999999999995,11371.199999999999
Bebidas,Soda,3200.0,1.15,0,0.0,0.0,0.0,2026-10-05,2026-10-05 19:31:22,3200.0,0,0.0,Proxy (Referencia INDEC),0.0,0.0,0.0,0.0,3679.9999999999995,11371.199999999999
Bebidas,Cerveza,4500.0,0.54,43,0.5,3.5,0.0,2026-10-05,2026-10-05 19:31:22,4500.0,0,0.0,Proxy (Referencia INDEC),7.74,0.09,0.6300000000000001,0.0,2430.0,7508.7
Bebidas,Vino,4500.0,0.54,85,0.1,2.5,0.0,2026-10-05,2026-10-05 19:31:22,4500.0,0,0.0,Proxy (Referencia INDEC),15.299999999999999,0.018000000000000002,0.45,0.0,2430.0,7508.7
Almacén,Sal fina,1500.0,0.12,0,0.0,0.0,0.0,2026-10-05,2026-10-05 19:31:22,1500.0,0,0.0,Proxy (Referencia INDEC),0.0,0.0,0.0,0.0,180.0,556.1999999999999
Almacén,Mayonesa,7500.0,0.06,680,1.0,3.0,75.0,2026-10-05,2026-10-05 19:31:22,7500.0,0,0.0,Proxy (Referencia INDEC),13.6,0.02,0.06,1.5,450.0,1390.5
Almacén,Caldo en cubo / Polvo,7500.0,0.06,250,10.0,25.0,10.0,2026-10-05,2026-10-05 19:31:22,7500.0,0,0.0,Proxy (Referencia INDEC),5.0,0.2,0.5,0.2,450.0,1390.5
Almacén,Vinagre,2200.0,0.06,18,0.0,0.1,0.0,2026-10-05,2026-10-05 19:31:22,2200.0,0,0.0,Proxy (Referencia INDEC),0.36,0.0,0.002,0.0,132.0,407.88
Almacén,Café,32000.0,0.03,200,14.0,40.0,0.2,2026-10-05,2026-10-05 19:31:22,32000.0,0,0.0,Proxy (Referencia INDEC),2.0,0.14,0.4,0.002,960.0,2966.3999999999996
Almacén,Yerba mate,6500.0,0.51,30,1.0,6.0,0.0,2026-10-05,2026-10-05 19:31:22,6500.0,0,0.0,Proxy (Referencia INDEC),5.1,0.17,1.02,0.0,3315.0,10243.35
Panadería,Pan francés,4500.0,6.75,265,9.0,55.0,1.2,2026-10-06,2026-10-06 16:58:57,4500.0,0,0.0,Proxy (Referencia INDEC),596.25,20.25,123.75000000000001,2.7,30375.0,93858.75
Panadería,Galletitas de agua,6800.0,0.42,420,9.5,68.0,12.0,2026-10-06,2026-10-06 16:58:57,6800.0,0,0.0,Proxy (Referencia INDEC),58.800000000000004,1.33,9.520000000000001,1.68,2856.0,8825.039999999999
Panadería,Galletitas dulces,7500.0,0.21,450,6.5,72.0,15.0,2026-10-06,2026-10-06 16:58:57,7500.0,0,0.0,Proxy (Referencia INDEC),31.5,0.455,5.04,1.05,1575.0,4866.75
Almacén,Arroz blanco,3800.0,1.2,354,7.0,78.0,0.6,2026-10-06,2026-10-06 16:58:57,3800.0,0,0.0,Proxy (Referencia INDEC),141.6,2.8000000000000003,31.200000000000003,0.24,4560.0,14090.4
Almacén,Harina de trigo 000,2200.0,1.08,340,10.0,72.0,1.2,2026-10-06,2026-10-06 16:58:57,2200.0,0,0.0,Proxy (Referencia INDEC),122.39999999999999,3.6,25.919999999999998,0.432,2376.0,7341.839999999999
Almacén,Harina de maíz / Polenta,2800.0,0.21,350,8.0,76.0,1.0,2026-10-06,2026-10-06 16:58:57,2800.0,0,0.0,Proxy (Referencia INDEC),24.5,0.56,5.32,0.07,588.0,1816.9199999999998
Almacén,Fideos secos,3800.0,1.74,355,12.0,73.0,1.5,2026-10-06,2026-10-06 16:58:57,3800.0,0,0.0,Proxy (Referencia INDEC),205.89999999999998,6.96,42.339999999999996,0.87,6612.0,20431.079999999998
Frutas y Verduras,Papa blanca,1800.0,6.51,80,2.0,18.0,0.1,2026-10-06,2026-10-06 16:58:57,1800.0,0,0.0,Proxy (Referencia INDEC),173.60000000000002,4.34,39.059999999999995,0.217,11718.0,36208.619999999995
Frutas y Verduras,Batata,2500.0,0.51,86,1.6,20.0,0.1,2026-10-06,2026-10-06 16:58:57,2500.0,0,0.0,Proxy (Referencia INDEC),14.62,0.272,3.4000000000000004,0.017,1275.0,3939.75
Frutas y Verduras,Cebolla,2200.0,1.146,40,1.1,9.0,0.1,2026-10-06,2026-10-06 16:58:57,2200.0,0,0.0,Proxy (Referencia INDEC),15.280000000000001,0.4202000000000001,3.438,0.038200000000000005,2521.2,7790.507999999999
Frutas y Verduras,Tomate,2200.0,1.146,18,0.9,3.9,0.2,2026-10-06,2026-10-06 16:58:57,2200.0,0,0.0,Proxy (Referencia INDEC),6.876,0.34380000000000005,1.4898,0.07640000000000001,2521.2,7790.507999999999
Frutas y Verduras,Zanahoria,2200.0,1.146,41,0.9,9.6,0.2,2026-10-06,2026-10-06 16:58:57,2200.0,0,0.0,Proxy (Referencia INDEC),15.662,0.34380000000000005,3.6672000000000002,0.07640000000000001,2521.2,7790.507999999999
Frutas y Verduras,Zapallo,2200.0,1.146,26,1.0,6.5,0.1,2026-10-06,2026-10-06 16:58:57,2200.0,0,0.0,Proxy (Referencia INDEC),9.932,0.38200000000000006,2.483,0.038200000000000005,2521.2,7790.507999999999
Frutas y Verduras,Acelga,2200.0,1.146,19,1.8,3.7,0.2,2026-10-06,2026-10-06 16:58:57,2200.0,0,0.0,Proxy (Referencia INDEC),7.258000000000001,0.6876000000000001,1.4134000000000002,0.07640000000000001,2521.2,7790.507999999999
Frutas y Verduras,Manzana,2800.0,1.2375,52,0.3,13.8,0.2,2026-10-06,2026-10-06 16:58:57,2800.0,0,0.0,Proxy (Referencia INDEC),21.45,0.12375,5.692500000000001,0.0825,3465.0,10706.85
Frutas y Verduras,Naranja,2800.0,1.2375,47,0.9,11.8,0.1,2026-10-06,2026-10-06 16:58:57,2800.0,0,0.0,Proxy (Referencia INDEC),19.3875,0.37125,4.867500000000001,0.04125,3465.0,10706.85
Frutas y Verduras,Banana,2800.0,1.2375,89,1.1,22.8,0.3,2026-10-06,2026-10-06 16:58:57,2800.0,0,0.0,Proxy (Referencia INDEC),36.7125,0.45375000000000004,9.405000000000001,0.12375,3465.0,10706.85
Frutas y Verduras,Pera,2800.0,1.2375,57,0.4,15.0,0.1,2026-10-06,2026-10-06 16:58:57,2800.0,0,0.0,Proxy (Referencia INDEC),23.5125,0.165,6.1875,0.04125,3465.0,10706.85
Almacén,Azúcar,2000.0,1.23,387,0.0,100.0,0.0,2026-10-06,2026-10-06 16:58:57,2000.0,0,0.0,Proxy (Referencia INDEC),158.67000000000002,0.0,41.0,0.0,2460.0,7601.4
Almacén,Dulce de leche,6500.0,0.11,315,7.0,55.0,7.0,2026-10-06,2026-10-06 16:58:57,6500.0,0,0.0,Proxy (Referencia INDEC),11.549999999999999,0.25666666666666665,2.0166666666666666,0.25666666666666665,715.0,2209.35
Almacén,Mermelada,6500.0,0.11,260,0.5,65.0,0.1,2026-10-06,2026-10-06 16:58:57,6500.0,0,0.0,Proxy (Referencia INDEC),9.533333333333333,0.018333333333333333,2.3833333333333333,0.0036666666666666666,715.0,2209.35
Almacén,Dulce de batata,6500.0,0.11,255,0.5,63.0,0.1,2026-10-06,2026-10-06 16:58:57,6500.0,0,0.0,Proxy (Referencia INDEC),9.35,0.018333333333333333,2.31,0.0036666666666666666,715.0,2209.35
Almacén,Lentejas,4200.0,0.12,340,24.0,60.0,1.0,2026-10-06,2026-10-06 16:58:57,4200.0,0,0.0,Proxy (Referencia INDEC),13.6,0.96,2.4,0.04,504.0,1557.36
Almacén,Arvejas,4200.0,0.12,340,22.0,60.0,1.2,2026-10-06,2026-10-06 16:58:57,4200.0,0,0.0,Proxy (Referencia INDEC),13.6,0.88,2.4,0.048,504.0,1557.36
Carnes,Asado,13500.0,1.045,250,18.0,0.0,20.0,2026-10-06,2026-10-06 16:58:57,13500.0,0,0.0,Proxy (Referencia INDEC),87.08333333333334,6.2700000000000005,0.0,6.966666666666668,14107.499999999998,43592.174999999996
Carnes,Carne picada,13500.0,1.045,210,19.0,0.0,15.0,2026-10-06,2026-10-06 16:58:57,13500.0,0,0.0,Proxy (Referencia INDEC),73.15,6.618333333333334,0.0,5.2250000000000005,14107.499999999998,43592.174999999996
Carnes,Paleta,13500.0,1.045,170,20.0,0.0,10.0,2026-10-06,2026-10-06 16:58:57,13500.0,0,0.0,Proxy (Referencia INDEC),59.21666666666667,6.966666666666668,0.0,3.483333333333334,14107.499999999998,43592.174999999996
Carnes,Nalga,13500.0,1.045,140,21.0,0.0,5.0,2026-10-06,2026-10-06 16:58:57,13500.0,0,0.0,Proxy (Referencia INDEC),48.766666666666666,7.315,0.0,1.741666666666667,14107.499999999998,43592.174999999996
Carnes,Pollo entero,13500.0,1.045,215,18.0,0.0,15.0,2026-10-06,2026-10-06 16:58:57,13500.0,0,0.0,Proxy (Referencia INDEC),74.89166666666667,6.2700000000000005,0.0,5.2250000000000005,14107.499999999998,43592.174999999996
Carnes,Pescado,13500.0,1.045,90,18.0,0.0,1.5,2026-10-06,2026-10-06 16:58:57,13500.0,0,0.0,Proxy (Referencia INDEC),31.35,6.2700000000000005,0.0,0.5225,14107.499999999998,43592.174999999996
Carnes,Hígado,5500.0,0.27,135,20.0,3.8,4.0,2026-10-06,2026-10-06 16:58:57,5500.0,0,0.0,Proxy (Referencia INDEC),12.15,1.8,0.34199999999999997,0.36,1485.0,4588.65
Carnes,Paleta cocida,15000.0,0.03,130,18.0,2.0,6.0,2026-10-06,2026-10-06 16:58:57,15000.0,0,0.0,Proxy (Referencia INDEC),1.3,0.18,0.02,0.06,450.0,1390.5
Carnes,Salame,15000.0,0.03,400,20.0,1.0,35.0,2026-10-06,2026-10-06 16:58:57,15000.0,0,0.0,Proxy (Referencia INDEC),4.0,0.2,0.01,0.35,450.0,1390.5
Lácteos y Huevos,Huevos (docena),6000.0,0.6,150,12.5,0.7,10.0,2026-10-06,2026-10-06 16:58:57,6000.0,0,0.0,Proxy (Referencia INDEC),30.0,2.5,0.13999999999999999,2.0,3600.0,11124.0
Lácteos y Huevos,Leche entera,2400.0,9.27,60,3.1,4.7,3.0,2026-10-06,2026-10-06 16:58:57,2400.0,0,0.0,Proxy (Referencia INDEC),185.4,9.579,14.523,9.27,22248.0,68746.31999999999
Lácteos y Huevos,Queso cremoso,16000.0,0.11,300,18.0,1.5,25.0,2026-10-06,2026-10-06 16:58:57,16000.0,0,0.0,Proxy (Referencia INDEC),11.0,0.6599999999999999,0.05499999999999999,0.9166666666666666,1760.0,5438.4
Lácteos y Huevos,Queso cuartirolo,16000.0,0.11,280,19.0,1.5,22.0,2026-10-06,2026-10-06 16:58:57,16000.0,0,0.0,Proxy (Referencia INDEC),10.266666666666666,0.6966666666666667,0.05499999999999999,0.8066666666666666,1760.0,5438.4
Lácteos y Huevos,Queso de rallar,16000.0,0.11,380,33.0,1.5,27.0,2026-10-06,2026-10-06 16:58:57,16000.0,0,0.0,Proxy (Referencia INDEC),13.933333333333332,1.21,0.05499999999999999,0.99,1760.0,5438.4
Lácteos y Huevos,Yogur,3800.0,0.57,65,3.2,9.0,2.5,2026-10-06,2026-10-06 16:58:57,3800.0,0,0.0,Proxy (Referencia INDEC),12.35,0.608,1.71,0.47500000000000003,2166.0,6692.94
Lácteos y Huevos,Manteca,16000.0,0.06,717,0.9,0.1,81.0,2026-10-06,2026-10-06 16:58:57,16000.0,0,0.0,Proxy (Referencia INDEC),14.34,0.018000000000000002,0.002,1.62,960.0,2966.3999999999996
Almacén,Aceite de girasol,4800.0,1.2,884,0.0,0.0,100.0,2026-10-06,2026-10-06 16:58:57,4800.0,0,0.0,Proxy (Referencia INDEC),353.6,0.0,0.0,40.0,5760.0,17798.399999999998
Bebidas,Gaseosa,3200.0,1.15,40,0.0,10.0,0.0,2026-10-06,2026-10-06 16:58:57,3200.0,0,0.0,Proxy (Referencia INDEC),15.333333333333336,0.0,3.833333333333334,0.0,3679.9999999999995,11371.199999999999
Bebidas,Jugo,3200.0,1.15,35,0.0,9.0,0.0,2026-10-06,2026-10-06 16:58:57,3200.0,0,0.0,Proxy (Referencia INDEC),13.416666666666666,0.0,3.45,0.0,3679.9999999999995,11371.199999999999
Bebidas,Soda,3200.0,1.15,0,0.0,0.0,0.0,2026-10-06,2026-10-06 16:58:57,3200.0,0,0.0,Proxy (Referencia INDEC),0.0,0.0,0.0,0.0,3679.9999999999995,11371.199999999999
Bebidas,Cerveza,4500.0,0.54,43,0.5,3.5,0.0,2026-10-06,2026-10-06 16:58:57,4500.0,0,0.0,Proxy (Referencia INDEC),7.74,0.09,0.6300000000000001,0.0,2430.0,7508.7
Bebidas,Vino,4500.0,0.54,85,0.1,2.5,0.0,2026-10-06,2026-10-06 16:58:57,4500.0,0,0.0,Proxy (Referencia INDEC),15.299999999999999,0.018000000000000002,0.45,0.0,2430.0,7508.7
Almacén,Sal fina,1500.0,0.12,0,0.0,0.0,0.0,2026-10-06,2026-10-06 16:58:57,1500.0,0,0.0,Proxy (Referencia INDEC),0.0,0.0,0.0,0.0,180.0,556.1999999999999
Almacén,Mayonesa,7500.0,0.06,680,1.0,3.0,75.0,2026-10-06,2026-10-06 16:58:57,7500.0,0,0.0,Proxy (Referencia INDEC),13.6,0.02,0.06,1.5,450.0,1390.5
Almacén,Caldo en cubo / Polvo,7500.0,0.06,250,10.0,25.0,10.0,2026-10-06,2026-10-06 16:58:57,7500.0,0,0.0,Proxy (Referencia INDEC),5.0,0.2,0.5,0.2,450.0,1390.5
Almacén,Vinagre,2200.0,0.06,18,0.0,0.1,0.0,2026-10-06,2026-10-06 16:58:57,2200.0,0,0.0,Proxy (Referencia INDEC),0.36,0.0,0.002,0.0,132.0,407.88
Almacén,Café,32000.0,0.03,200,14.0,40.0,0.2,2026-10-06,2026-10-06 16:58:57,32000.0,0,0.0,Proxy (Referencia INDEC),2.0,0.14,0.4,0.002,960.0,2966.3999999999996
Almacén,Yerba mate,6500.0,0.51,30,1.0,6.0,0.0,2026-10-06,2026-10-06 16:58:57,6500.0,0,0.0,Proxy (Referencia INDEC),5.1,0.17,1.02,0.0,3315.0,10243.35
Panadería,Pan francés,4500.0,6.75,265,9.0,55.0,1.2,2026-10-07,2026-10-07 17:35:40,4500.0,0,0.0,Proxy (Referencia INDEC),596.25,20.25,123.75000000000001,2.7,30375.0,93858.75
Panadería,Galletitas de agua,6800.0,0.42,420,9.5,68.0,12.0,2026-10-07,2026-10-07 17:35:40,6800.0,0,0.0,Proxy (Referencia INDEC),58.800000000000004,1.33,9.520000000000001,1.68,2856.0,8825.039999999999
Panadería,Galletitas dulces,7500.0,0.21,450,6.5,72.0,15.0,2026-10-07,2026-10-07 17:35:40,7500.0,0,0.0,Proxy (Referencia INDEC),31.5,0.455,5.04,1.05,1575.0,4866.75
Almacén,Arroz blanco,3800.0,1.2,354,7.0,78.0,0.6,2026-10-07,2026-10-07 17:35:40,3800.0,0,0.0,Proxy (Referencia INDEC),141.6,2.8000000000000003,31.200000000000003,0.24,4560.0,14090.4
Almacén,Harina de trigo 000,2200.0,1.08,340,10.0,72.0,1.2,2026-10-07,2026-10-07 17:35:40,2200.0,0,0.0,Proxy (Referencia INDEC),122.39999999999999,3.6,25.919999999999998,0.432,2376.0,7341.839999999999
Almacén,Harina de maíz / Polenta,2800.0,0.21,350,8.0,76.0,1.0,2026-10-07,2026-10-07 17:35:40,2800.0,0,0.0,Proxy (Referencia INDEC),24.5,0.56,5.32,0.07,588.0,1816.9199999999998
Almacén,Fideos secos,3800.0,1.74,355,12.0,73.0,1.5,2026-10-07,2026-10-07 17:35:40,3800.0,0,0.0,Proxy (Referencia INDEC),205.89999999999998,6.96,42.339999999999996,0.87,6612.0,20431.079999999998
Frutas y Verduras,Papa blanca,1800.0,6.51,80,2.0,18.0,0.1,2026-10-07,2026-10-07 17:35:40,1800.0,0,0.0,Proxy (Referencia INDEC),173.60000000000002,4.34,39.059999999999995,0.217,11718.0,36208.619999999995
Frutas y Verduras,Batata,2500.0,0.51,86,1.6,20.0,0.1,2026-10-07,2026-10-07 17:35:40,2500.0,0,0.0,Proxy (Referencia INDEC),14.62,0.272,3.4000000000000004,0.017,1275.0,3939.75
Frutas y Verduras,Cebolla,2200.0,1.146,40,1.1,9.0,0.1,2026-10-07,2026-10-07 17:35:40,2200.0,0,0.0,Proxy (Referencia INDEC),15.280000000000001,0.4202000000000001,3.438,0.038200000000000005,2521.2,7790.507999999999
Frutas y Verduras,Tomate,2200.0,1.146,18,0.9,3.9,0.2,2026-10-07,2026-10-07 17:35:40,2200.0,0,0.0,Proxy (Referencia INDEC),6.876,0.34380000000000005,1.4898,0.07640000000000001,2521.2,7790.507999999999
Frutas y Verduras,Zanahoria,2200.0,1.146,41,0.9,9.6,0.2,2026-10-07,2026-10-07 17:35:40,2200.0,0,0.0,Proxy (Referencia INDEC),15.662,0.34380000000000005,3.6672000000000002,0.07640000000000001,2521.2,7790.507999999999
Frutas y Verduras,Zapallo,2200.0,1.146,26,1.0,6.5,0.1,2026-10-07,2026-10-07 17:35:40,2200.0,0,0.0,Proxy (Referencia INDEC),9.932,0.38200000000000006,2.483,0.038200000000000005,2521.2,7790.507999999999
Frutas y Verduras,Acelga,2200.0,1.146,19,1.8,3.7,0.2,2026-10-07,2026-10-07 17:35:40,2200.0,0,0.0,Proxy (Referencia INDEC),7.258000000000001,0.6876000000000001,1.4134000000000002,0.07640000000000001,2521.2,7790.507999999999
Frutas y Verduras,Manzana,2800.0,1.2375,52,0.3,13.8,0.2,2026-10-07,2026-10-07 17:35:40,2800.0,0,0.0,Proxy (Referencia INDEC),21.45,0.12375,5.692500000000001,0.0825,3465.0,10706.85
Frutas y Verduras,Naranja,2800.0,1.2375,47,0.9,11.8,0.1,2026-10-07,2026-10-07 17:35:40,2800.0,0,0.0,Proxy (Referencia INDEC),19.3875,0.37125,4.867500000000001,0.04125,3465.0,10706.85
Frutas y Verduras,Banana,2800.0,1.2375,89,1.1,22.8,0.3,2026-10-07,2026-10-07 17:35:40,2800.0,0,0.0,Proxy (Referencia INDEC),36.7125,0.45375000000000004,9.405000000000001,0.12375,3465.0,10706.85
Frutas y Verduras,Pera,2800.0,1.2375,57,0.4,15.0,0.1,2026-10-07,2026-10-07 17:35:40,2800.0,0,0.0,Proxy (Referencia INDEC),23.5125,0.165,6.1875,0.04125,3465.0,10706.85
Almacén,Azúcar,2000.0,1.23,387,0.0,100.0,0.0,2026-10-07,2026-10-07 17:35:40,2000.0,0,0.0,Proxy (Referencia INDEC),158.67000000000002,0.0,41.0,0.0,2460.0,7601.4
Almacén,Dulce de leche,6500.0,0.11,315,7.0,55.0,7.0,2026-10-07,2026-10-07 17:35:40,6500.0,0,0.0,Proxy (Referencia INDEC),11.549999999999999,0.25666666666666665,2.0166666666666666,0.25666666666666665,715.0,2209.35
Almacén,Mermelada,6500.0,0.11,260,0.5,65.0,0.1,2026-10-07,2026-10-07 17:35:40,6500.0,0,0.0,Proxy (Referencia INDEC),9.533333333333333,0.018333333333333333,2.3833333333333333,0.0036666666666666666,715.0,2209.35
Almacén,Dulce de batata,6500.0,0.11,255,0.5,63.0,0.1,2026-10-07,2026-10-07 17:35:40,6500.0,0,0.0,Proxy (Referencia INDEC),9.35,0.018333333333333333,2.31,0.0036666666666666666,715.0,2209.35
Almacén,Lentejas,4200.0,0.12,340,24.0,60.0,1.0,2026-10-07,2026-10-07 17:35:40,4200.0,0,0.0,Proxy (Referencia INDEC),13.6,0.96,2.4,0.04,504.0,1557.36
Almacén,Arvejas,4200.0,0.12,340,22.0,60.0,1.2,2026-10-07,2026-10-07 17:35:40,4200.0,0,0.0,Proxy (Referencia INDEC),13.6,0.88,2.4,0.048,504.0,1557.36
Carnes,Asado,13500.0,1.045,250,18.0,0.0,20.0,2026-10-07,2026-10-07 17:35:40,13500.0,0,0.0,Proxy (Referencia INDEC),87.08333333333334,6.2700000000000005,0.0,6.966666666666668,14107.499999999998,43592.174999999996
Carnes,Carne picada,13500.0,1.045,210,19.0,0.0,15.0,2026-10-07,2026-10-07 17:35:40,13500.0,0,0.0,Proxy (Referencia INDEC),73.15,6.618333333333334,0.0,5.2250000000000005,14107.499999999998,43592.174999999996
Carnes,Paleta,13500.0,1.045,170,20.0,0.0,10.0,2026-10-07,2026-10-07 17:35:40,13500.0,0,0.0,Proxy (Referencia INDEC),59.21666666666667,6.966666666666668,0.0,3.483333333333334,14107.499999999998,43592.174999999996
Carnes,Nalga,13500.0,1.045,140,21.0,0.0,5.0,2026-10-07,2026-10-07 17:35:40,13500.0,0,0.0,Proxy (Referencia INDEC),48.766666666666666,7.315,0.0,1.741666666666667,14107.499999999998,43592.174999999996
Carnes,Pollo entero,13500.0,1.045,215,18.0,0.0,15.0,2026-10-07,2026-10-07 17:35:40,13500.0,0,0.0,Proxy (Referencia INDEC),74.89166666666667,6.2700000000000005,0.0,5.2250000000000005,14107.499999999998,43592.174999999996
Carnes,Pescado,13500.0,1.045,90,18.0,0.0,1.5,2026-10-07,2026-10-07 17:35:40,13500.0,0,0.0,Proxy (Referencia INDEC),31.35,6.2700000000000005,0.0,0.5225,14107.499999999998,43592.174999999996
Carnes,Hígado,5500.0,0.27,135,20.0,3.8,4.0,2026-10-07,2026-10-07 17:35:40,5500.0,0,0.0,Proxy (Referencia INDEC),12.15,1.8,0.34199999999999997,0.36,1485.0,4588.65
Carnes,Paleta cocida,15000.0,0.03,130,18.0,2.0,6.0,2026-10-07,2026-10-07 17:35:40,15000.0,0,0.0,Proxy (Referencia INDEC),1.3,0.18,0.02,0.06,450.0,1390.5
Carnes,Salame,15000.0,0.03,400,20.0,1.0,35.0,2026-10-07,2026-10-07 17:35:40,15000.0,0,0.0,Proxy (Referencia INDEC),4.0,0.2,0.01,0.35,450.0,1390.5
Lácteos y Huevos,Huevos (docena),6000.0,0.6,150,12.5,0.7,10.0,2026-10-07,2026-10-07 17:35:40,6000.0,0,0.0,Proxy (Referencia INDEC),30.0,2.5,0.13999999999999999,2.0,3600.0,11124.0
Lácteos y Huevos,Leche entera,2400.0,9.27,60,3.1,4.7,3.0,2026-10-07,2026-10-07 17:35:40,2400.0,0,0.0,Proxy (Referencia INDEC),185.4,9.579,14.523,9.27,22248.0,68746.31999999999
Lácteos y Huevos,Queso cremoso,16000.0,0.11,300,18.0,1.5,25.0,2026-10-07,2026-10-07 17:35:40,16000.0,0,0.0,Proxy (Referencia INDEC),11.0,0.6599999999999999,0.05499999999999999,0.9166666666666666,1760.0,5438.4
Lácteos y Huevos,Queso cuartirolo,16000.0,0.11,280,19.0,1.5,22.0,2026-10-07,2026-10-07 17:35:40,16000.0,0,0.0,Proxy (Referencia INDEC),10.266666666666666,0.6966666666666667,0.05499999999999999,0.8066666666666666,1760.0,5438.4
Lácteos y Huevos,Queso de rallar,16000.0,0.11,380,33.0,1.5,27.0,2026-10-07,2026-10-07 17:35:40,16000.0,0,0.0,Proxy (Referencia INDEC),13.933333333333332,1.21,0.05499999999999999,0.99,1760.0,5438.4
Lácteos y Huevos,Yogur,3800.0,0.57,65,3.2,9.0,2.5,2026-10-07,2026-10-07 17:35:40,3800.0,0,0.0,Proxy (Referencia INDEC),12.35,0.608,1.71,0.47500000000000003,2166.0,6692.94
Lácteos y Huevos,Manteca,16000.0,0.06,717,0.9,0.1,81.0,2026-10-07,2026-10-07 17:35:40,16000.0,0,0.0,Proxy (Referencia INDEC),14.34,0.018000000000000002,0.002,1.62,960.0,2966.3999999999996
Almacén,Aceite de girasol,4800.0,1.2,884,0.0,0.0,100.0,2026-10-07,2026-10-07 17:35:40,4800.0,0,0.0,Proxy (Referencia INDEC),353.6,0.0,0.0,40.0,5760.0,17798.399999999998
Bebidas,Gaseosa,3200.0,1.15,40,0.0,10.0,0.0,2026-10-07,2026-10-07 17:35:40,3200.0,0,0.0,Proxy (Referencia INDEC),15.333333333333336,0.0,3.833333333333334,0.0,3679.9999999999995,11371.199999999999
Bebidas,Jugo,3200.0,1.15,35,0.0,9.0,0.0,2026-10-07,2026-10-07 17:35:40,3200.0,0,0.0,Proxy (Referencia INDEC),13.416666666666666,0.0,3.45,0.0,3679.9999999999995,11371.199999999999
Bebidas,Soda,3200.0,1.15,0,0.0,0.0,0.0,2026-10-07,2026-10-07 17:35:40,3200.0,0,0.0,Proxy (Referencia INDEC),0.0,0.0,0.0,0.0,3679.9999999999995,11371.199999999999
Bebidas,Cerveza,4500.0,0.54,43,0.5,3.5,0.0,2026-10-07,2026-10-07 17:35:40,4500.0,0,0.0,Proxy (Referencia INDEC),7.74,0.09,0.6300000000000001,0.0,2430.0,7508.7
Bebidas,Vino,4500.0,0.54,85,0.1,2.5,0.0,2026-10-07,2026-10-07 17:35:40,4500.0,0,0.0,Proxy (Referencia INDEC),15.299999999999999,0.018000000000000002,0.45,0.0,2430.0,7508.7
Almacén,Sal fina,1500.0,0.12,0,0.0,0.0,0.0,2026-10-07,2026-10-07 17:35:40,1500.0,0,0.0,Proxy (Referencia INDEC),0.0,0.0,0.0,0.0,180.0,556.1999999999999
Almacén,Mayonesa,7500.0,0.06,680,1.0,3.0,75.0,2026-10-07,2026-10-07 17:35:40,7500.0,0,0.0,Proxy (Referencia INDEC),13.6,0.02,0.06,1.5,450.0,1390.5
Almacén,Caldo en cubo / Polvo,7500.0,0.06,250,10.0,25.0,10.0,2026-10-07,2026-10-07 17:35:40,7500.0,0,0.0,Proxy (Referencia INDEC),5.0,0.2,0.5,0.2,450.0,1390.5
Almacén,Vinagre,2200.0,0.06,18,0.0,0.1,0.0,2026-10-07,2026-10-07 17:35:40,2200.0,0,0.0,Proxy (Referencia INDEC),0.36,0.0,0.002,0.0,132.0,407.88
Almacén,Café,32000.0,0.03,200,14.0,40.0,0.2,2026-10-07,2026-10-07 17:35:40,32000.0,0,0.0,Proxy (Referencia INDEC),2.0,0.14,0.4,0.002,960.0,2966.3999999999996
Almacén,Yerba mate,6500.0,0.51,30,1.0,6.0,0.0,2026-10-07,2026-10-07 17:35:40,6500.0,0,0.0,Proxy (Referencia INDEC),5.1,0.17,1.02,0.0,3315.0,10243.35
