fecha,timestamp,rubro,producto,cantidad_ae,kcal_diarias_ae,prot_diarias_g,carb_diarios_g,grasas_diarias_g
2026-09-26,2026-09-26 19:43:43,Panadería,Pan francés,6.75,596.25,20.25,123.75000000000001,2.7
2026-09-26,2026-09-26 19:43:43,Panadería,Galletitas de agua,0.42,58.800000000000004,1.33,9.520000000000001,1.68
2026-09-26,2026-09-26 19:43:43,Panadería,Galletitas dulces,0.21,31.5,0.455,5.04,1.05
2026-09-26,2026-09-26 19:43:43,Almacén,Arroz blanco,1.2,141.6,2.8000000000000003,31.200000000000003,0.24
2026-09-26,2026-09-26 19:43:43,Almacén,Harina de trigo 000,1.08,122.39999999999999,3.6,25.919999999999998,0.432
2026-09-26,2026-09-26 19:43:43,Almacén,Otras harinas (maíz / Polenta),0.21,24.5,0.56,5.32,0.07
2026-09-26,2026-09-26 19:43:43,Almacén,Fideos secos,1.74,205.89999999999998,6.96,42.339999999999996,0.87
2026-09-26,2026-09-26 19:43:43,Frutas y Verduras,Papa blanca,6.51,173.60000000000002,4.34,39.059999999999995,0.217
2026-09-26,2026-09-26 19:43:43,Frutas y Verduras,Batata,0.51,14.62,0.272,3.4000000000000004,0.017
2026-09-26,2026-09-26 19:43:43,Frutas y Verduras,"Hortalizas (cebolla, tomate, zanahoria, zapallo, etc.)",5.73,57.3,2.2920000000000003,11.459999999999999,0.382
2026-09-26,2026-09-26 19:43:43,Frutas y Verduras,"Frutas (manzana, naranja, banana, pera)",4.95,85.8,0.8250000000000001,22.275000000000002,0.33
2026-09-26,2026-09-26 19:43:43,Almacén,Azúcar,1.23,158.67000000000002,0.0,41.0,0.0
2026-09-26,2026-09-26 19:43:43,Almacén,"Dulces (dulce de leche, mermelada, batata)",0.33,34.65,0.44,6.6,0.55
2026-09-26,2026-09-26 19:43:43,Almacén,"Legumbres secas (lentejas, arvejas)",0.24,27.2,1.92,4.8,0.08
2026-09-26,2026-09-26 19:43:43,Carnes,"Carnes (asado, picada, paleta, nalga, pollo, pescado)",6.27,438.90000000000003,39.71,0.0,29.26
2026-09-26,2026-09-26 19:43:43,Carnes,Menudencias (hígado),0.27,12.15,1.8,0.34199999999999997,0.36
2026-09-26,2026-09-26 19:43:43,Carnes,"Fiambres (paleta cocida, salame)",0.06,6.0,0.32,0.04,0.5
2026-09-26,2026-09-26 19:43:43,Lácteos y Huevos,Huevos (docena),0.6,30.0,2.5,0.13999999999999999,2.0
2026-09-26,2026-09-26 19:43:43,Lácteos y Huevos,Leche entera,9.27,185.4,9.579,14.523,9.27
2026-09-26,2026-09-26 19:43:43,Lácteos y Huevos,"Queso (cremoso, cuartirolo, de rallar)",0.33,35.2,2.2,0.16499999999999998,2.8600000000000003
2026-09-26,2026-09-26 19:43:43,Lácteos y Huevos,Yogur,0.57,12.35,0.608,1.71,0.47500000000000003
2026-09-26,2026-09-26 19:43:43,Lácteos y Huevos,Manteca,0.06,14.34,0.018000000000000002,0.002,1.62
2026-09-26,2026-09-26 19:43:43,Almacén,Aceite de girasol,1.2,353.6,0.0,0.0,40.0
2026-09-26,2026-09-26 19:43:43,Bebidas,"Bebidas no alcohólicas (gaseosas, jugos, soda)",3.45,40.25,0.0,10.35,0.0
2026-09-26,2026-09-26 19:43:43,Bebidas,"Bebidas alcohólicas (cerveza, vino)",1.08,21.599999999999998,0.108,1.08,0.0
2026-09-26,2026-09-26 19:43:43,Almacén,Sal fina,0.12,0.0,0.0,0.0,0.0
2026-09-26,2026-09-26 19:43:43,Almacén,"Condimentos (mayonesa, caldos)",0.12,14.0,0.04,0.4,1.4
2026-09-26,2026-09-26 19:43:43,Almacén,Vinagre,0.06,0.36,0.0,0.002,0.0
2026-09-26,2026-09-26 19:43:43,Almacén,Café,0.03,2.0,0.14,0.4,0.002
2026-09-26,2026-09-26 19:43:43,Almacén,Yerba mate,0.51,5.1,0.17,1.02,0.0
2026-09-27,2026-09-27 13:58:41,Panadería,Pan francés,6.75,596.25,20.25,123.75000000000001,2.7
2026-09-27,2026-09-27 13:58:41,Panadería,Galletitas de agua,0.42,58.800000000000004,1.33,9.520000000000001,1.68
2026-09-27,2026-09-27 13:58:41,Panadería,Galletitas dulces,0.21,31.5,0.455,5.04,1.05
2026-09-27,2026-09-27 13:58:41,Almacén,Arroz blanco,1.2,141.6,2.8000000000000003,31.200000000000003,0.24
2026-09-27,2026-09-27 13:58:41,Almacén,Harina de trigo 000,1.08,122.39999999999999,3.6,25.919999999999998,0.432
2026-09-27,2026-09-27 13:58:41,Almacén,Otras harinas (maíz / Polenta),0.21,24.5,0.56,5.32,0.07
2026-09-27,2026-09-27 13:58:41,Almacén,Fideos secos,1.74,205.89999999999998,6.96,42.339999999999996,0.87
2026-09-27,2026-09-27 13:58:41,Frutas y Verduras,Papa blanca,6.51,173.60000000000002,4.34,39.059999999999995,0.217
2026-09-27,2026-09-27 13:58:41,Frutas y Verduras,Batata,0.51,14.62,0.272,3.4000000000000004,0.017
2026-09-27,2026-09-27 13:58:41,Frutas y Verduras,"Hortalizas (cebolla, tomate, zanahoria, zapallo, etc.)",5.73,57.3,2.2920000000000003,11.459999999999999,0.382
2026-09-27,2026-09-27 13:58:41,Frutas y Verduras,"Frutas (manzana, naranja, banana, pera)",4.95,85.8,0.8250000000000001,22.275000000000002,0.33
2026-09-27,2026-09-27 13:58:41,Almacén,Azúcar,1.23,158.67000000000002,0.0,41.0,0.0
2026-09-27,2026-09-27 13:58:41,Almacén,"Dulces (dulce de leche, mermelada, batata)",0.33,34.65,0.44,6.6,0.55
2026-09-27,2026-09-27 13:58:41,Almacén,"Legumbres secas (lentejas, arvejas)",0.24,27.2,1.92,4.8,0.08
2026-09-27,2026-09-27 13:58:41,Carnes,"Carnes (asado, picada, paleta, nalga, pollo, pescado)",6.27,438.90000000000003,39.71,0.0,29.26
2026-09-27,2026-09-27 13:58:41,Carnes,Menudencias (hígado),0.27,12.15,1.8,0.34199999999999997,0.36
2026-09-27,2026-09-27 13:58:41,Carnes,"Fiambres (paleta cocida, salame)",0.06,6.0,0.32,0.04,0.5
2026-09-27,2026-09-27 13:58:41,Lácteos y Huevos,Huevos (docena),0.6,30.0,2.5,0.13999999999999999,2.0
2026-09-27,2026-09-27 13:58:41,Lácteos y Huevos,Leche entera,9.27,185.4,9.579,14.523,9.27
2026-09-27,2026-09-27 13:58:41,Lácteos y Huevos,"Queso (cremoso, cuartirolo, de rallar)",0.33,35.2,2.2,0.16499999999999998,2.8600000000000003
2026-09-27,2026-09-27 13:58:41,Lácteos y Huevos,Yogur,0.57,12.35,0.608,1.71,0.47500000000000003
2026-09-27,2026-09-27 13:58:41,Lácteos y Huevos,Manteca,0.06,14.34,0.018000000000000002,0.002,1.62
2026-09-27,2026-09-27 13:58:41,Almacén,Aceite de girasol,1.2,353.6,0.0,0.0,40.0
2026-09-27,2026-09-27 13:58:41,Bebidas,"Bebidas no alcohólicas (gaseosas, jugos, soda)",3.45,40.25,0.0,10.35,0.0
2026-09-27,2026-09-27 13:58:41,Bebidas,"Bebidas alcohólicas (cerveza, vino)",1.08,21.599999999999998,0.108,1.08,0.0
2026-09-27,2026-09-27 13:58:41,Almacén,Sal fina,0.12,0.0,0.0,0.0,0.0
2026-09-27,2026-09-27 13:58:41,Almacén,"Condimentos (mayonesa, caldos)",0.12,14.0,0.04,0.4,1.4
2026-09-27,2026-09-27 13:58:41,Almacén,Vinagre,0.06,0.36,0.0,0.002,0.0
2026-09-27,2026-09-27 13:58:41,Almacén,Café,0.03,2.0,0.14,0.4,0.002
2026-09-27,2026-09-27 13:58:41,Almacén,Yerba mate,0.51,5.1,0.17,1.02,0.0
2026-09-27,2026-09-27 20:08:18,Panadería,Pan francés,6.75,596.25,20.25,123.75000000000001,2.7
2026-09-27,2026-09-27 20:08:18,Panadería,Galletitas de agua,0.42,58.800000000000004,1.33,9.520000000000001,1.68
2026-09-27,2026-09-27 20:08:18,Panadería,Galletitas dulces,0.21,31.5,0.455,5.04,1.05
2026-09-27,2026-09-27 20:08:18,Almacén,Arroz blanco,1.2,141.6,2.8000000000000003,31.200000000000003,0.24
2026-09-27,2026-09-27 20:08:18,Almacén,Harina de trigo 000,1.08,122.39999999999999,3.6,25.919999999999998,0.432
2026-09-27,2026-09-27 20:08:18,Almacén,Otras harinas (maíz / Polenta),0.21,24.5,0.56,5.32,0.07
2026-09-27,2026-09-27 20:08:18,Almacén,Fideos secos,1.74,205.89999999999998,6.96,42.339999999999996,0.87
2026-09-27,2026-09-27 20:08:18,Frutas y Verduras,Papa blanca,6.51,173.60000000000002,4.34,39.059999999999995,0.217
2026-09-27,2026-09-27 20:08:18,Frutas y Verduras,Batata,0.51,14.62,0.272,3.4000000000000004,0.017
2026-09-27,2026-09-27 20:08:18,Frutas y Verduras,"Hortalizas (cebolla, tomate, zanahoria, zapallo, etc.)",5.73,57.3,2.2920000000000003,11.459999999999999,0.382
2026-09-27,2026-09-27 20:08:18,Frutas y Verduras,"Frutas (manzana, naranja, banana, pera)",4.95,85.8,0.8250000000000001,22.275000000000002,0.33
2026-09-27,2026-09-27 20:08:18,Almacén,Azúcar,1.23,158.67000000000002,0.0,41.0,0.0
2026-09-27,2026-09-27 20:08:18,Almacén,"Dulces (dulce de leche, mermelada, batata)",0.33,34.65,0.44,6.6,0.55
2026-09-27,2026-09-27 20:08:18,Almacén,"Legumbres secas (lentejas, arvejas)",0.24,27.2,1.92,4.8,0.08
2026-09-27,2026-09-27 20:08:18,Carnes,"Carnes (asado, picada, paleta, nalga, pollo, pescado)",6.27,438.90000000000003,39.71,0.0,29.26
2026-09-27,2026-09-27 20:08:18,Carnes,Menudencias (hígado),0.27,12.15,1.8,0.34199999999999997,0.36
2026-09-27,2026-09-27 20:08:18,Carnes,"Fiambres (paleta cocida, salame)",0.06,6.0,0.32,0.04,0.5
2026-09-27,2026-09-27 20:08:18,Lácteos y Huevos,Huevos (docena),0.6,30.0,2.5,0.13999999999999999,2.0
2026-09-27,2026-09-27 20:08:18,Lácteos y Huevos,Leche entera,9.27,185.4,9.579,14.523,9.27
2026-09-27,2026-09-27 20:08:18,Lácteos y Huevos,"Queso (cremoso, cuartirolo, de rallar)",0.33,35.2,2.2,0.16499999999999998,2.8600000000000003
2026-09-27,2026-09-27 20:08:18,Lácteos y Huevos,Yogur,0.57,12.35,0.608,1.71,0.47500000000000003
2026-09-27,2026-09-27 20:08:18,Lácteos y Huevos,Manteca,0.06,14.34,0.018000000000000002,0.002,1.62
2026-09-27,2026-09-27 20:08:18,Almacén,Aceite de girasol,1.2,353.6,0.0,0.0,40.0
2026-09-27,2026-09-27 20:08:18,Bebidas,"Bebidas no alcohólicas (gaseosas, jugos, soda)",3.45,40.25,0.0,10.35,0.0
2026-09-27,2026-09-27 20:08:18,Bebidas,"Bebidas alcohólicas (cerveza, vino)",1.08,21.599999999999998,0.108,1.08,0.0
2026-09-27,2026-09-27 20:08:18,Almacén,Sal fina,0.12,0.0,0.0,0.0,0.0
2026-09-27,2026-09-27 20:08:18,Almacén,"Condimentos (mayonesa, caldos)",0.12,14.0,0.04,0.4,1.4
2026-09-27,2026-09-27 20:08:18,Almacén,Vinagre,0.06,0.36,0.0,0.002,0.0
2026-09-27,2026-09-27 20:08:18,Almacén,Café,0.03,2.0,0.14,0.4,0.002
2026-09-27,2026-09-27 20:08:18,Almacén,Yerba mate,0.51,5.1,0.17,1.02,0.0
2026-09-27,2026-09-27 22:08:32,Panadería,Pan francés,6.75,596.25,20.25,123.75000000000001,2.7
2026-09-27,2026-09-27 22:08:32,Panadería,Galletitas de agua,0.42,58.800000000000004,1.33,9.520000000000001,1.68
2026-09-27,2026-09-27 22:08:32,Panadería,Galletitas dulces,0.21,31.5,0.455,5.04,1.05
2026-09-27,2026-09-27 22:08:32,Almacén,Arroz blanco,1.2,141.6,2.8000000000000003,31.200000000000003,0.24
2026-09-27,2026-09-27 22:08:32,Almacén,Harina de trigo 000,1.08,122.39999999999999,3.6,25.919999999999998,0.432
2026-09-27,2026-09-27 22:08:32,Almacén,Otras harinas (maíz / Polenta),0.21,24.5,0.56,5.32,0.07
2026-09-27,2026-09-27 22:08:32,Almacén,Fideos secos,1.74,205.89999999999998,6.96,42.339999999999996,0.87
2026-09-27,2026-09-27 22:08:32,Frutas y Verduras,Papa blanca,6.51,173.60000000000002,4.34,39.059999999999995,0.217
2026-09-27,2026-09-27 22:08:32,Frutas y Verduras,Batata,0.51,14.62,0.272,3.4000000000000004,0.017
2026-09-27,2026-09-27 22:08:32,Frutas y Verduras,"Hortalizas (cebolla, tomate, zanahoria, zapallo, etc.)",5.73,57.3,2.2920000000000003,11.459999999999999,0.382
2026-09-27,2026-09-27 22:08:32,Frutas y Verduras,"Frutas (manzana, naranja, banana, pera)",4.95,85.8,0.8250000000000001,22.275000000000002,0.33
2026-09-27,2026-09-27 22:08:32,Almacén,Azúcar,1.23,158.67000000000002,0.0,41.0,0.0
2026-09-27,2026-09-27 22:08:32,Almacén,"Dulces (dulce de leche, mermelada, batata)",0.33,34.65,0.44,6.6,0.55
2026-09-27,2026-09-27 22:08:32,Almacén,"Legumbres secas (lentejas, arvejas)",0.24,27.2,1.92,4.8,0.08
2026-09-27,2026-09-27 22:08:32,Carnes,"Carnes (asado, picada, paleta, nalga, pollo, pescado)",6.27,438.90000000000003,39.71,0.0,29.26
2026-09-27,2026-09-27 22:08:32,Carnes,Menudencias (hígado),0.27,12.15,1.8,0.34199999999999997,0.36
2026-09-27,2026-09-27 22:08:32,Carnes,"Fiambres (paleta cocida, salame)",0.06,6.0,0.32,0.04,0.5
2026-09-27,2026-09-27 22:08:32,Lácteos y Huevos,Huevos (docena),0.6,30.0,2.5,0.13999999999999999,2.0
2026-09-27,2026-09-27 22:08:32,Lácteos y Huevos,Leche entera,9.27,185.4,9.579,14.523,9.27
2026-09-27,2026-09-27 22:08:32,Lácteos y Huevos,"Queso (cremoso, cuartirolo, de rallar)",0.33,35.2,2.2,0.16499999999999998,2.8600000000000003
2026-09-27,2026-09-27 22:08:32,Lácteos y Huevos,Yogur,0.57,12.35,0.608,1.71,0.47500000000000003
2026-09-27,2026-09-27 22:08:32,Lácteos y Huevos,Manteca,0.06,14.34,0.018000000000000002,0.002,1.62
2026-09-27,2026-09-27 22:08:32,Almacén,Aceite de girasol,1.2,353.6,0.0,0.0,40.0
2026-09-27,2026-09-27 22:08:32,Bebidas,"Bebidas no alcohólicas (gaseosas, jugos, soda)",3.45,40.25,0.0,10.35,0.0
2026-09-27,2026-09-27 22:08:32,Bebidas,"Bebidas alcohólicas (cerveza, vino)",1.08,21.599999999999998,0.108,1.08,0.0
2026-09-27,2026-09-27 22:08:32,Almacén,Sal fina,0.12,0.0,0.0,0.0,0.0
2026-09-27,2026-09-27 22:08:32,Almacén,"Condimentos (mayonesa, caldos)",0.12,14.0,0.04,0.4,1.4
2026-09-27,2026-09-27 22:08:32,Almacén,Vinagre,0.06,0.36,0.0,0.002,0.0
2026-09-27,2026-09-27 22:08:32,Almacén,Café,0.03,2.0,0.14,0.4,0.002
2026-09-27,2026-09-27 22:08:32,Almacén,Yerba mate,0.51,5.1,0.17,1.02,0.0
2026-09-27,2026-09-27 22:23:14,Panadería,Pan francés,6.75,596.25,20.25,123.75000000000001,2.7
2026-09-27,2026-09-27 22:23:14,Panadería,Galletitas de agua,0.42,58.800000000000004,1.33,9.520000000000001,1.68
2026-09-27,2026-09-27 22:23:14,Panadería,Galletitas dulces,0.21,31.5,0.455,5.04,1.05
2026-09-27,2026-09-27 22:23:14,Almacén,Arroz blanco,1.2,141.6,2.8000000000000003,31.200000000000003,0.24
2026-09-27,2026-09-27 22:23:14,Almacén,Harina de trigo 000,1.08,122.39999999999999,3.6,25.919999999999998,0.432
2026-09-27,2026-09-27 22:23:14,Almacén,Otras harinas (maíz / Polenta),0.21,24.5,0.56,5.32,0.07
2026-09-27,2026-09-27 22:23:14,Almacén,Fideos secos,1.74,205.89999999999998,6.96,42.339999999999996,0.87
2026-09-27,2026-09-27 22:23:14,Frutas y Verduras,Papa blanca,6.51,173.60000000000002,4.34,39.059999999999995,0.217
2026-09-27,2026-09-27 22:23:14,Frutas y Verduras,Batata,0.51,14.62,0.272,3.4000000000000004,0.017
2026-09-27,2026-09-27 22:23:14,Frutas y Verduras,"Hortalizas (cebolla, tomate, zanahoria, zapallo, etc.)",5.73,57.3,2.2920000000000003,11.459999999999999,0.382
2026-09-27,2026-09-27 22:23:14,Frutas y Verduras,"Frutas (manzana, naranja, banana, pera)",4.95,85.8,0.8250000000000001,22.275000000000002,0.33
2026-09-27,2026-09-27 22:23:14,Almacén,Azúcar,1.23,158.67000000000002,0.0,41.0,0.0
2026-09-27,2026-09-27 22:23:14,Almacén,"Dulces (dulce de leche, mermelada, batata)",0.33,34.65,0.44,6.6,0.55
2026-09-27,2026-09-27 22:23:14,Almacén,"Legumbres secas (lentejas, arvejas)",0.24,27.2,1.92,4.8,0.08
2026-09-27,2026-09-27 22:23:14,Carnes,"Carnes (asado, picada, paleta, nalga, pollo, pescado)",6.27,438.90000000000003,39.71,0.0,29.26
2026-09-27,2026-09-27 22:23:14,Carnes,Menudencias (hígado),0.27,12.15,1.8,0.34199999999999997,0.36
2026-09-27,2026-09-27 22:23:14,Carnes,"Fiambres (paleta cocida, salame)",0.06,6.0,0.32,0.04,0.5
2026-09-27,2026-09-27 22:23:14,Lácteos y Huevos,Huevos (docena),0.6,30.0,2.5,0.13999999999999999,2.0
2026-09-27,2026-09-27 22:23:14,Lácteos y Huevos,Leche entera,9.27,185.4,9.579,14.523,9.27
2026-09-27,2026-09-27 22:23:14,Lácteos y Huevos,"Queso (cremoso, cuartirolo, de rallar)",0.33,35.2,2.2,0.16499999999999998,2.8600000000000003
2026-09-27,2026-09-27 22:23:14,Lácteos y Huevos,Yogur,0.57,12.35,0.608,1.71,0.47500000000000003
2026-09-27,2026-09-27 22:23:14,Lácteos y Huevos,Manteca,0.06,14.34,0.018000000000000002,0.002,1.62
2026-09-27,2026-09-27 22:23:14,Almacén,Aceite de girasol,1.2,353.6,0.0,0.0,40.0
2026-09-27,2026-09-27 22:23:14,Bebidas,"Bebidas no alcohólicas (gaseosas, jugos, soda)",3.45,40.25,0.0,10.35,0.0
2026-09-27,2026-09-27 22:23:14,Bebidas,"Bebidas alcohólicas (cerveza, vino)",1.08,21.599999999999998,0.108,1.08,0.0
2026-09-27,2026-09-27 22:23:14,Almacén,Sal fina,0.12,0.0,0.0,0.0,0.0
2026-09-27,2026-09-27 22:23:14,Almacén,"Condimentos (mayonesa, caldos)",0.12,14.0,0.04,0.4,1.4
2026-09-27,2026-09-27 22:23:14,Almacén,Vinagre,0.06,0.36,0.0,0.002,0.0
2026-09-27,2026-09-27 22:23:14,Almacén,Café,0.03,2.0,0.14,0.4,0.002
2026-09-27,2026-09-27 22:23:14,Almacén,Yerba mate,0.51,5.1,0.17,1.02,0.0
2026-09-28,2026-09-28 00:49:54,Panadería,Pan francés,6.75,596.25,20.25,123.75000000000001,2.7
2026-09-28,2026-09-28 00:49:54,Panadería,Galletitas de agua,0.42,58.800000000000004,1.33,9.520000000000001,1.68
2026-09-28,2026-09-28 00:49:54,Panadería,Galletitas dulces,0.21,31.5,0.455,5.04,1.05
2026-09-28,2026-09-28 00:49:54,Almacén,Arroz blanco,1.2,141.6,2.8000000000000003,31.200000000000003,0.24
2026-09-28,2026-09-28 00:49:54,Almacén,Harina de trigo 000,1.08,122.39999999999999,3.6,25.919999999999998,0.432
2026-09-28,2026-09-28 00:49:54,Almacén,Harina de maíz / Polenta,0.21,24.5,0.56,5.32,0.07
2026-09-28,2026-09-28 00:49:54,Almacén,Fideos secos,1.74,205.89999999999998,6.96,42.339999999999996,0.87
2026-09-28,2026-09-28 00:49:54,Frutas y Verduras,Papa blanca,6.51,173.60000000000002,4.34,39.059999999999995,0.217
2026-09-28,2026-09-28 00:49:54,Frutas y Verduras,Batata,0.51,14.62,0.272,3.4000000000000004,0.017
2026-09-28,2026-09-28 00:49:54,Frutas y Verduras,Cebolla,1.146,15.280000000000001,0.4202000000000001,3.438,0.038200000000000005
2026-09-28,2026-09-28 00:49:54,Frutas y Verduras,Tomate,1.146,6.876,0.34380000000000005,1.4898,0.07640000000000001
2026-09-28,2026-09-28 00:49:54,Frutas y Verduras,Zanahoria,1.146,15.662,0.34380000000000005,3.6672000000000002,0.07640000000000001
2026-09-28,2026-09-28 00:49:54,Frutas y Verduras,Zapallo,1.146,9.932,0.38200000000000006,2.483,0.038200000000000005
2026-09-28,2026-09-28 00:49:54,Frutas y Verduras,Acelga,1.146,7.258000000000001,0.6876000000000001,1.4134000000000002,0.07640000000000001
2026-09-28,2026-09-28 00:49:54,Frutas y Verduras,Manzana,1.2375,21.45,0.12375,5.692500000000001,0.0825
2026-09-28,2026-09-28 00:49:54,Frutas y Verduras,Naranja,1.2375,19.3875,0.37125,4.867500000000001,0.04125
2026-09-28,2026-09-28 00:49:54,Frutas y Verduras,Banana,1.2375,36.7125,0.45375000000000004,9.405000000000001,0.12375
2026-09-28,2026-09-28 00:49:54,Frutas y Verduras,Pera,1.2375,23.5125,0.165,6.1875,0.04125
2026-09-28,2026-09-28 00:49:54,Almacén,Azúcar,1.23,158.67000000000002,0.0,41.0,0.0
2026-09-28,2026-09-28 00:49:54,Almacén,Dulce de leche,0.11,11.549999999999999,0.25666666666666665,2.0166666666666666,0.25666666666666665
2026-09-28,2026-09-28 00:49:54,Almacén,Mermelada,0.11,9.533333333333333,0.018333333333333333,2.3833333333333333,0.0036666666666666666
2026-09-28,2026-09-28 00:49:54,Almacén,Dulce de batata,0.11,9.35,0.018333333333333333,2.31,0.0036666666666666666
2026-09-28,2026-09-28 00:49:54,Almacén,Lentejas,0.12,13.6,0.96,2.4,0.04
2026-09-28,2026-09-28 00:49:54,Almacén,Arvejas,0.12,13.6,0.88,2.4,0.048
2026-09-28,2026-09-28 00:49:54,Carnes,Asado,1.045,87.08333333333334,6.2700000000000005,0.0,6.966666666666668
2026-09-28,2026-09-28 00:49:54,Carnes,Carne picada,1.045,73.15,6.618333333333334,0.0,5.2250000000000005
2026-09-28,2026-09-28 00:49:54,Carnes,Paleta,1.045,59.21666666666667,6.966666666666668,0.0,3.483333333333334
2026-09-28,2026-09-28 00:49:54,Carnes,Nalga,1.045,48.766666666666666,7.315,0.0,1.741666666666667
2026-09-28,2026-09-28 00:49:54,Carnes,Pollo entero,1.045,74.89166666666667,6.2700000000000005,0.0,5.2250000000000005
2026-09-28,2026-09-28 00:49:54,Carnes,Pescado,1.045,31.35,6.2700000000000005,0.0,0.5225
2026-09-28,2026-09-28 00:49:54,Carnes,Hígado,0.27,12.15,1.8,0.34199999999999997,0.36
2026-09-28,2026-09-28 00:49:54,Carnes,Paleta cocida,0.03,1.3,0.18,0.02,0.06
2026-09-28,2026-09-28 00:49:54,Carnes,Salame,0.03,4.0,0.2,0.01,0.35
2026-09-28,2026-09-28 00:49:54,Lácteos y Huevos,Huevos (docena),0.6,30.0,2.5,0.13999999999999999,2.0
2026-09-28,2026-09-28 00:49:54,Lácteos y Huevos,Leche entera,9.27,185.4,9.579,14.523,9.27
2026-09-28,2026-09-28 00:49:54,Lácteos y Huevos,Queso cremoso,0.11,11.0,0.6599999999999999,0.05499999999999999,0.9166666666666666
2026-09-28,2026-09-28 00:49:54,Lácteos y Huevos,Queso cuartirolo,0.11,10.266666666666666,0.6966666666666667,0.05499999999999999,0.8066666666666666
2026-09-28,2026-09-28 00:49:54,Lácteos y Huevos,Queso de rallar,0.11,13.933333333333332,1.21,0.05499999999999999,0.99
2026-09-28,2026-09-28 00:49:54,Lácteos y Huevos,Yogur,0.57,12.35,0.608,1.71,0.47500000000000003
2026-09-28,2026-09-28 00:49:54,Lácteos y Huevos,Manteca,0.06,14.34,0.018000000000000002,0.002,1.62
2026-09-28,2026-09-28 00:49:54,Almacén,Aceite de girasol,1.2,353.6,0.0,0.0,40.0
2026-09-28,2026-09-28 00:49:54,Bebidas,Gaseosa,1.15,15.333333333333336,0.0,3.833333333333334,0.0
2026-09-28,2026-09-28 00:49:54,Bebidas,Jugo,1.15,13.416666666666666,0.0,3.45,0.0
2026-09-28,2026-09-28 00:49:54,Bebidas,Soda,1.15,0.0,0.0,0.0,0.0
2026-09-28,2026-09-28 00:49:54,Bebidas,Cerveza,0.54,7.74,0.09,0.6300000000000001,0.0
2026-09-28,2026-09-28 00:49:54,Bebidas,Vino,0.54,15.299999999999999,0.018000000000000002,0.45,0.0
2026-09-28,2026-09-28 00:49:54,Almacén,Sal fina,0.12,0.0,0.0,0.0,0.0
2026-09-28,2026-09-28 00:49:54,Almacén,Mayonesa,0.06,13.6,0.02,0.06,1.5
2026-09-28,2026-09-28 00:49:54,Almacén,Caldo en cubo / Polvo,0.06,5.0,0.2,0.5,0.2
2026-09-28,2026-09-28 00:49:54,Almacén,Vinagre,0.06,0.36,0.0,0.002,0.0
2026-09-28,2026-09-28 00:49:54,Almacén,Café,0.03,2.0,0.14,0.4,0.002
2026-09-28,2026-09-28 00:49:54,Almacén,Yerba mate,0.51,5.1,0.17,1.02,0.0
2026-09-28,2026-09-28 01:03:41,Panadería,Pan francés,6.75,596.25,20.25,123.75000000000001,2.7
2026-09-28,2026-09-28 01:03:41,Panadería,Galletitas de agua,0.42,58.800000000000004,1.33,9.520000000000001,1.68
2026-09-28,2026-09-28 01:03:41,Panadería,Galletitas dulces,0.21,31.5,0.455,5.04,1.05
2026-09-28,2026-09-28 01:03:41,Almacén,Arroz blanco,1.2,141.6,2.8000000000000003,31.200000000000003,0.24
2026-09-28,2026-09-28 01:03:41,Almacén,Harina de trigo 000,1.08,122.39999999999999,3.6,25.919999999999998,0.432
2026-09-28,2026-09-28 01:03:41,Almacén,Harina de maíz / Polenta,0.21,24.5,0.56,5.32,0.07
2026-09-28,2026-09-28 01:03:41,Almacén,Fideos secos,1.74,205.89999999999998,6.96,42.339999999999996,0.87
2026-09-28,2026-09-28 01:03:41,Frutas y Verduras,Papa blanca,6.51,173.60000000000002,4.34,39.059999999999995,0.217
2026-09-28,2026-09-28 01:03:41,Frutas y Verduras,Batata,0.51,14.62,0.272,3.4000000000000004,0.017
2026-09-28,2026-09-28 01:03:41,Frutas y Verduras,Cebolla,1.146,15.280000000000001,0.4202000000000001,3.438,0.038200000000000005
2026-09-28,2026-09-28 01:03:41,Frutas y Verduras,Tomate,1.146,6.876,0.34380000000000005,1.4898,0.07640000000000001
2026-09-28,2026-09-28 01:03:41,Frutas y Verduras,Zanahoria,1.146,15.662,0.34380000000000005,3.6672000000000002,0.07640000000000001
2026-09-28,2026-09-28 01:03:41,Frutas y Verduras,Zapallo,1.146,9.932,0.38200000000000006,2.483,0.038200000000000005
2026-09-28,2026-09-28 01:03:41,Frutas y Verduras,Acelga,1.146,7.258000000000001,0.6876000000000001,1.4134000000000002,0.07640000000000001
2026-09-28,2026-09-28 01:03:41,Frutas y Verduras,Manzana,1.2375,21.45,0.12375,5.692500000000001,0.0825
2026-09-28,2026-09-28 01:03:41,Frutas y Verduras,Naranja,1.2375,19.3875,0.37125,4.867500000000001,0.04125
2026-09-28,2026-09-28 01:03:41,Frutas y Verduras,Banana,1.2375,36.7125,0.45375000000000004,9.405000000000001,0.12375
2026-09-28,2026-09-28 01:03:41,Frutas y Verduras,Pera,1.2375,23.5125,0.165,6.1875,0.04125
2026-09-28,2026-09-28 01:03:41,Almacén,Azúcar,1.23,158.67000000000002,0.0,41.0,0.0
2026-09-28,2026-09-28 01:03:41,Almacén,Dulce de leche,0.11,11.549999999999999,0.25666666666666665,2.0166666666666666,0.25666666666666665
2026-09-28,2026-09-28 01:03:41,Almacén,Mermelada,0.11,9.533333333333333,0.018333333333333333,2.3833333333333333,0.0036666666666666666
2026-09-28,2026-09-28 01:03:41,Almacén,Dulce de batata,0.11,9.35,0.018333333333333333,2.31,0.0036666666666666666
2026-09-28,2026-09-28 01:03:41,Almacén,Lentejas,0.12,13.6,0.96,2.4,0.04
2026-09-28,2026-09-28 01:03:41,Almacén,Arvejas,0.12,13.6,0.88,2.4,0.048
2026-09-28,2026-09-28 01:03:41,Carnes,Asado,1.045,87.08333333333334,6.2700000000000005,0.0,6.966666666666668
2026-09-28,2026-09-28 01:03:41,Carnes,Carne picada,1.045,73.15,6.618333333333334,0.0,5.2250000000000005
2026-09-28,2026-09-28 01:03:41,Carnes,Paleta,1.045,59.21666666666667,6.966666666666668,0.0,3.483333333333334
2026-09-28,2026-09-28 01:03:41,Carnes,Nalga,1.045,48.766666666666666,7.315,0.0,1.741666666666667
2026-09-28,2026-09-28 01:03:41,Carnes,Pollo entero,1.045,74.89166666666667,6.2700000000000005,0.0,5.2250000000000005
2026-09-28,2026-09-28 01:03:41,Carnes,Pescado,1.045,31.35,6.2700000000000005,0.0,0.5225
2026-09-28,2026-09-28 01:03:41,Carnes,Hígado,0.27,12.15,1.8,0.34199999999999997,0.36
2026-09-28,2026-09-28 01:03:41,Carnes,Paleta cocida,0.03,1.3,0.18,0.02,0.06
2026-09-28,2026-09-28 01:03:41,Carnes,Salame,0.03,4.0,0.2,0.01,0.35
2026-09-28,2026-09-28 01:03:41,Lácteos y Huevos,Huevos (docena),0.6,30.0,2.5,0.13999999999999999,2.0
2026-09-28,2026-09-28 01:03:41,Lácteos y Huevos,Leche entera,9.27,185.4,9.579,14.523,9.27
2026-09-28,2026-09-28 01:03:41,Lácteos y Huevos,Queso cremoso,0.11,11.0,0.6599999999999999,0.05499999999999999,0.9166666666666666
2026-09-28,2026-09-28 01:03:41,Lácteos y Huevos,Queso cuartirolo,0.11,10.266666666666666,0.6966666666666667,0.05499999999999999,0.8066666666666666
2026-09-28,2026-09-28 01:03:41,Lácteos y Huevos,Queso de rallar,0.11,13.933333333333332,1.21,0.05499999999999999,0.99
2026-09-28,2026-09-28 01:03:41,Lácteos y Huevos,Yogur,0.57,12.35,0.608,1.71,0.47500000000000003
2026-09-28,2026-09-28 01:03:41,Lácteos y Huevos,Manteca,0.06,14.34,0.018000000000000002,0.002,1.62
2026-09-28,2026-09-28 01:03:41,Almacén,Aceite de girasol,1.2,353.6,0.0,0.0,40.0
2026-09-28,2026-09-28 01:03:41,Bebidas,Gaseosa,1.15,15.333333333333336,0.0,3.833333333333334,0.0
2026-09-28,2026-09-28 01:03:41,Bebidas,Jugo,1.15,13.416666666666666,0.0,3.45,0.0
2026-09-28,2026-09-28 01:03:41,Bebidas,Soda,1.15,0.0,0.0,0.0,0.0
2026-09-28,2026-09-28 01:03:41,Bebidas,Cerveza,0.54,7.74,0.09,0.6300000000000001,0.0
2026-09-28,2026-09-28 01:03:41,Bebidas,Vino,0.54,15.299999999999999,0.018000000000000002,0.45,0.0
2026-09-28,2026-09-28 01:03:41,Almacén,Sal fina,0.12,0.0,0.0,0.0,0.0
2026-09-28,2026-09-28 01:03:41,Almacén,Mayonesa,0.06,13.6,0.02,0.06,1.5
2026-09-28,2026-09-28 01:03:41,Almacén,Caldo en cubo / Polvo,0.06,5.0,0.2,0.5,0.2
2026-09-28,2026-09-28 01:03:41,Almacén,Vinagre,0.06,0.36,0.0,0.002,0.0
2026-09-28,2026-09-28 01:03:41,Almacén,Café,0.03,2.0,0.14,0.4,0.002
2026-09-28,2026-09-28 01:03:41,Almacén,Yerba mate,0.51,5.1,0.17,1.02,0.0
2026-09-28,2026-09-28 12:40:10,Panadería,Pan francés,6.75,596.25,20.25,123.75000000000001,2.7
2026-09-28,2026-09-28 12:40:10,Panadería,Galletitas de agua,0.42,58.800000000000004,1.33,9.520000000000001,1.68
2026-09-28,2026-09-28 12:40:10,Panadería,Galletitas dulces,0.21,31.5,0.455,5.04,1.05
2026-09-28,2026-09-28 12:40:10,Almacén,Arroz blanco,1.2,141.6,2.8000000000000003,31.200000000000003,0.24
2026-09-28,2026-09-28 12:40:10,Almacén,Harina de trigo 000,1.08,122.39999999999999,3.6,25.919999999999998,0.432
2026-09-28,2026-09-28 12:40:10,Almacén,Harina de maíz / Polenta,0.21,24.5,0.56,5.32,0.07
2026-09-28,2026-09-28 12:40:10,Almacén,Fideos secos,1.74,205.89999999999998,6.96,42.339999999999996,0.87
2026-09-28,2026-09-28 12:40:10,Frutas y Verduras,Papa blanca,6.51,173.60000000000002,4.34,39.059999999999995,0.217
2026-09-28,2026-09-28 12:40:10,Frutas y Verduras,Batata,0.51,14.62,0.272,3.4000000000000004,0.017
2026-09-28,2026-09-28 12:40:10,Frutas y Verduras,Cebolla,1.146,15.280000000000001,0.4202000000000001,3.438,0.038200000000000005
2026-09-28,2026-09-28 12:40:10,Frutas y Verduras,Tomate,1.146,6.876,0.34380000000000005,1.4898,0.07640000000000001
2026-09-28,2026-09-28 12:40:10,Frutas y Verduras,Zanahoria,1.146,15.662,0.34380000000000005,3.6672000000000002,0.07640000000000001
2026-09-28,2026-09-28 12:40:10,Frutas y Verduras,Zapallo,1.146,9.932,0.38200000000000006,2.483,0.038200000000000005
2026-09-28,2026-09-28 12:40:10,Frutas y Verduras,Acelga,1.146,7.258000000000001,0.6876000000000001,1.4134000000000002,0.07640000000000001
2026-09-28,2026-09-28 12:40:10,Frutas y Verduras,Manzana,1.2375,21.45,0.12375,5.692500000000001,0.0825
2026-09-28,2026-09-28 12:40:10,Frutas y Verduras,Naranja,1.2375,19.3875,0.37125,4.867500000000001,0.04125
2026-09-28,2026-09-28 12:40:10,Frutas y Verduras,Banana,1.2375,36.7125,0.45375000000000004,9.405000000000001,0.12375
2026-09-28,2026-09-28 12:40:10,Frutas y Verduras,Pera,1.2375,23.5125,0.165,6.1875,0.04125
2026-09-28,2026-09-28 12:40:10,Almacén,Azúcar,1.23,158.67000000000002,0.0,41.0,0.0
2026-09-28,2026-09-28 12:40:10,Almacén,Dulce de leche,0.11,11.549999999999999,0.25666666666666665,2.0166666666666666,0.25666666666666665
2026-09-28,2026-09-28 12:40:10,Almacén,Mermelada,0.11,9.533333333333333,0.018333333333333333,2.3833333333333333,0.0036666666666666666
2026-09-28,2026-09-28 12:40:10,Almacén,Dulce de batata,0.11,9.35,0.018333333333333333,2.31,0.0036666666666666666
2026-09-28,2026-09-28 12:40:10,Almacén,Lentejas,0.12,13.6,0.96,2.4,0.04
2026-09-28,2026-09-28 12:40:10,Almacén,Arvejas,0.12,13.6,0.88,2.4,0.048
2026-09-28,2026-09-28 12:40:10,Carnes,Asado,1.045,87.08333333333334,6.2700000000000005,0.0,6.966666666666668
2026-09-28,2026-09-28 12:40:10,Carnes,Carne picada,1.045,73.15,6.618333333333334,0.0,5.2250000000000005
2026-09-28,2026-09-28 12:40:10,Carnes,Paleta,1.045,59.21666666666667,6.966666666666668,0.0,3.483333333333334
2026-09-28,2026-09-28 12:40:10,Carnes,Nalga,1.045,48.766666666666666,7.315,0.0,1.741666666666667
2026-09-28,2026-09-28 12:40:10,Carnes,Pollo entero,1.045,74.89166666666667,6.2700000000000005,0.0,5.2250000000000005
2026-09-28,2026-09-28 12:40:10,Carnes,Pescado,1.045,31.35,6.2700000000000005,0.0,0.5225
2026-09-28,2026-09-28 12:40:10,Carnes,Hígado,0.27,12.15,1.8,0.34199999999999997,0.36
2026-09-28,2026-09-28 12:40:10,Carnes,Paleta cocida,0.03,1.3,0.18,0.02,0.06
2026-09-28,2026-09-28 12:40:10,Carnes,Salame,0.03,4.0,0.2,0.01,0.35
2026-09-28,2026-09-28 12:40:10,Lácteos y Huevos,Huevos (docena),0.6,30.0,2.5,0.13999999999999999,2.0
2026-09-28,2026-09-28 12:40:10,Lácteos y Huevos,Leche entera,9.27,185.4,9.579,14.523,9.27
2026-09-28,2026-09-28 12:40:10,Lácteos y Huevos,Queso cremoso,0.11,11.0,0.6599999999999999,0.05499999999999999,0.9166666666666666
2026-09-28,2026-09-28 12:40:10,Lácteos y Huevos,Queso cuartirolo,0.11,10.266666666666666,0.6966666666666667,0.05499999999999999,0.8066666666666666
2026-09-28,2026-09-28 12:40:10,Lácteos y Huevos,Queso de rallar,0.11,13.933333333333332,1.21,0.05499999999999999,0.99
2026-09-28,2026-09-28 12:40:10,Lácteos y Huevos,Yogur,0.57,12.35,0.608,1.71,0.47500000000000003
2026-09-28,2026-09-28 12:40:10,Lácteos y Huevos,Manteca,0.06,14.34,0.018000000000000002,0.002,1.62
2026-09-28,2026-09-28 12:40:10,Almacén,Aceite de girasol,1.2,353.6,0.0,0.0,40.0
2026-09-28,2026-09-28 12:40:10,Bebidas,Gaseosa,1.15,15.333333333333336,0.0,3.833333333333334,0.0
2026-09-28,2026-09-28 12:40:10,Bebidas,Jugo,1.15,13.416666666666666,0.0,3.45,0.0
2026-09-28,2026-09-28 12:40:10,Bebidas,Soda,1.15,0.0,0.0,0.0,0.0
2026-09-28,2026-09-28 12:40:10,Bebidas,Cerveza,0.54,7.74,0.09,0.6300000000000001,0.0
2026-09-28,2026-09-28 12:40:10,Bebidas,Vino,0.54,15.299999999999999,0.018000000000000002,0.45,0.0
2026-09-28,2026-09-28 12:40:10,Almacén,Sal fina,0.12,0.0,0.0,0.0,0.0
2026-09-28,2026-09-28 12:40:10,Almacén,Mayonesa,0.06,13.6,0.02,0.06,1.5
2026-09-28,2026-09-28 12:40:10,Almacén,Caldo en cubo / Polvo,0.06,5.0,0.2,0.5,0.2
2026-09-28,2026-09-28 12:40:10,Almacén,Vinagre,0.06,0.36,0.0,0.002,0.0
2026-09-28,2026-09-28 12:40:10,Almacén,Café,0.03,2.0,0.14,0.4,0.002
2026-09-28,2026-09-28 12:40:10,Almacén,Yerba mate,0.51,5.1,0.17,1.02,0.0
2026-09-28,2026-09-28 13:22:14,Panadería,Pan francés,6.75,596.25,20.25,123.75000000000001,2.7
2026-09-28,2026-09-28 13:22:14,Panadería,Galletitas de agua,0.42,58.800000000000004,1.33,9.520000000000001,1.68
2026-09-28,2026-09-28 13:22:14,Panadería,Galletitas dulces,0.21,31.5,0.455,5.04,1.05
2026-09-28,2026-09-28 13:22:14,Almacén,Arroz blanco,1.2,141.6,2.8000000000000003,31.200000000000003,0.24
2026-09-28,2026-09-28 13:22:14,Almacén,Harina de trigo 000,1.08,122.39999999999999,3.6,25.919999999999998,0.432
2026-09-28,2026-09-28 13:22:14,Almacén,Harina de maíz / Polenta,0.21,24.5,0.56,5.32,0.07
2026-09-28,2026-09-28 13:22:14,Almacén,Fideos secos,1.74,205.89999999999998,6.96,42.339999999999996,0.87
2026-09-28,2026-09-28 13:22:14,Frutas y Verduras,Papa blanca,6.51,173.60000000000002,4.34,39.059999999999995,0.217
2026-09-28,2026-09-28 13:22:14,Frutas y Verduras,Batata,0.51,14.62,0.272,3.4000000000000004,0.017
2026-09-28,2026-09-28 13:22:14,Frutas y Verduras,Cebolla,1.146,15.280000000000001,0.4202000000000001,3.438,0.038200000000000005
2026-09-28,2026-09-28 13:22:14,Frutas y Verduras,Tomate,1.146,6.876,0.34380000000000005,1.4898,0.07640000000000001
2026-09-28,2026-09-28 13:22:14,Frutas y Verduras,Zanahoria,1.146,15.662,0.34380000000000005,3.6672000000000002,0.07640000000000001
2026-09-28,2026-09-28 13:22:14,Frutas y Verduras,Zapallo,1.146,9.932,0.38200000000000006,2.483,0.038200000000000005
2026-09-28,2026-09-28 13:22:14,Frutas y Verduras,Acelga,1.146,7.258000000000001,0.6876000000000001,1.4134000000000002,0.07640000000000001
2026-09-28,2026-09-28 13:22:14,Frutas y Verduras,Manzana,1.2375,21.45,0.12375,5.692500000000001,0.0825
2026-09-28,2026-09-28 13:22:14,Frutas y Verduras,Naranja,1.2375,19.3875,0.37125,4.867500000000001,0.04125
2026-09-28,2026-09-28 13:22:14,Frutas y Verduras,Banana,1.2375,36.7125,0.45375000000000004,9.405000000000001,0.12375
2026-09-28,2026-09-28 13:22:14,Frutas y Verduras,Pera,1.2375,23.5125,0.165,6.1875,0.04125
2026-09-28,2026-09-28 13:22:14,Almacén,Azúcar,1.23,158.67000000000002,0.0,41.0,0.0
2026-09-28,2026-09-28 13:22:14,Almacén,Dulce de leche,0.11,11.549999999999999,0.25666666666666665,2.0166666666666666,0.25666666666666665
2026-09-28,2026-09-28 13:22:14,Almacén,Mermelada,0.11,9.533333333333333,0.018333333333333333,2.3833333333333333,0.0036666666666666666
2026-09-28,2026-09-28 13:22:14,Almacén,Dulce de batata,0.11,9.35,0.018333333333333333,2.31,0.0036666666666666666
2026-09-28,2026-09-28 13:22:14,Almacén,Lentejas,0.12,13.6,0.96,2.4,0.04
2026-09-28,2026-09-28 13:22:14,Almacén,Arvejas,0.12,13.6,0.88,2.4,0.048
2026-09-28,2026-09-28 13:22:14,Carnes,Asado,1.045,87.08333333333334,6.2700000000000005,0.0,6.966666666666668
2026-09-28,2026-09-28 13:22:14,Carnes,Carne picada,1.045,73.15,6.618333333333334,0.0,5.2250000000000005
2026-09-28,2026-09-28 13:22:14,Carnes,Paleta,1.045,59.21666666666667,6.966666666666668,0.0,3.483333333333334
2026-09-28,2026-09-28 13:22:14,Carnes,Nalga,1.045,48.766666666666666,7.315,0.0,1.741666666666667
2026-09-28,2026-09-28 13:22:14,Carnes,Pollo entero,1.045,74.89166666666667,6.2700000000000005,0.0,5.2250000000000005
2026-09-28,2026-09-28 13:22:14,Carnes,Pescado,1.045,31.35,6.2700000000000005,0.0,0.5225
2026-09-28,2026-09-28 13:22:14,Carnes,Hígado,0.27,12.15,1.8,0.34199999999999997,0.36
2026-09-28,2026-09-28 13:22:14,Carnes,Paleta cocida,0.03,1.3,0.18,0.02,0.06
2026-09-28,2026-09-28 13:22:14,Carnes,Salame,0.03,4.0,0.2,0.01,0.35
2026-09-28,2026-09-28 13:22:14,Lácteos y Huevos,Huevos (docena),0.6,30.0,2.5,0.13999999999999999,2.0
2026-09-28,2026-09-28 13:22:14,Lácteos y Huevos,Leche entera,9.27,185.4,9.579,14.523,9.27
2026-09-28,2026-09-28 13:22:14,Lácteos y Huevos,Queso cremoso,0.11,11.0,0.6599999999999999,0.05499999999999999,0.9166666666666666
2026-09-28,2026-09-28 13:22:14,Lácteos y Huevos,Queso cuartirolo,0.11,10.266666666666666,0.6966666666666667,0.05499999999999999,0.8066666666666666
2026-09-28,2026-09-28 13:22:14,Lácteos y Huevos,Queso de rallar,0.11,13.933333333333332,1.21,0.05499999999999999,0.99
2026-09-28,2026-09-28 13:22:14,Lácteos y Huevos,Yogur,0.57,12.35,0.608,1.71,0.47500000000000003
2026-09-28,2026-09-28 13:22:14,Lácteos y Huevos,Manteca,0.06,14.34,0.018000000000000002,0.002,1.62
2026-09-28,2026-09-28 13:22:14,Almacén,Aceite de girasol,1.2,353.6,0.0,0.0,40.0
2026-09-28,2026-09-28 13:22:14,Bebidas,Gaseosa,1.15,15.333333333333336,0.0,3.833333333333334,0.0
2026-09-28,2026-09-28 13:22:14,Bebidas,Jugo,1.15,13.416666666666666,0.0,3.45,0.0
2026-09-28,2026-09-28 13:22:14,Bebidas,Soda,1.15,0.0,0.0,0.0,0.0
2026-09-28,2026-09-28 13:22:14,Bebidas,Cerveza,0.54,7.74,0.09,0.6300000000000001,0.0
2026-09-28,2026-09-28 13:22:14,Bebidas,Vino,0.54,15.299999999999999,0.018000000000000002,0.45,0.0
2026-09-28,2026-09-28 13:22:14,Almacén,Sal fina,0.12,0.0,0.0,0.0,0.0
2026-09-28,2026-09-28 13:22:14,Almacén,Mayonesa,0.06,13.6,0.02,0.06,1.5
2026-09-28,2026-09-28 13:22:14,Almacén,Caldo en cubo / Polvo,0.06,5.0,0.2,0.5,0.2
2026-09-28,2026-09-28 13:22:14,Almacén,Vinagre,0.06,0.36,0.0,0.002,0.0
2026-09-28,2026-09-28 13:22:14,Almacén,Café,0.03,2.0,0.14,0.4,0.002
2026-09-28,2026-09-28 13:22:14,Almacén,Yerba mate,0.51,5.1,0.17,1.02,0.0
2026-09-28,2026-09-28 18:18:07,Panadería,Pan francés,6.75,596.25,20.25,123.75000000000001,2.7
2026-09-28,2026-09-28 18:18:07,Panadería,Galletitas de agua,0.42,58.800000000000004,1.33,9.520000000000001,1.68
2026-09-28,2026-09-28 18:18:07,Panadería,Galletitas dulces,0.21,31.5,0.455,5.04,1.05
2026-09-28,2026-09-28 18:18:07,Almacén,Arroz blanco,1.2,141.6,2.8000000000000003,31.200000000000003,0.24
2026-09-28,2026-09-28 18:18:07,Almacén,Harina de trigo 000,1.08,122.39999999999999,3.6,25.919999999999998,0.432
2026-09-28,2026-09-28 18:18:07,Almacén,Harina de maíz / Polenta,0.21,24.5,0.56,5.32,0.07
2026-09-28,2026-09-28 18:18:07,Almacén,Fideos secos,1.74,205.89999999999998,6.96,42.339999999999996,0.87
2026-09-28,2026-09-28 18:18:07,Frutas y Verduras,Papa blanca,6.51,173.60000000000002,4.34,39.059999999999995,0.217
2026-09-28,2026-09-28 18:18:07,Frutas y Verduras,Batata,0.51,14.62,0.272,3.4000000000000004,0.017
2026-09-28,2026-09-28 18:18:07,Frutas y Verduras,Cebolla,1.146,15.280000000000001,0.4202000000000001,3.438,0.038200000000000005
2026-09-28,2026-09-28 18:18:07,Frutas y Verduras,Tomate,1.146,6.876,0.34380000000000005,1.4898,0.07640000000000001
2026-09-28,2026-09-28 18:18:07,Frutas y Verduras,Zanahoria,1.146,15.662,0.34380000000000005,3.6672000000000002,0.07640000000000001
2026-09-28,2026-09-28 18:18:07,Frutas y Verduras,Zapallo,1.146,9.932,0.38200000000000006,2.483,0.038200000000000005
2026-09-28,2026-09-28 18:18:07,Frutas y Verduras,Acelga,1.146,7.258000000000001,0.6876000000000001,1.4134000000000002,0.07640000000000001
2026-09-28,2026-09-28 18:18:07,Frutas y Verduras,Manzana,1.2375,21.45,0.12375,5.692500000000001,0.0825
2026-09-28,2026-09-28 18:18:07,Frutas y Verduras,Naranja,1.2375,19.3875,0.37125,4.867500000000001,0.04125
2026-09-28,2026-09-28 18:18:07,Frutas y Verduras,Banana,1.2375,36.7125,0.45375000000000004,9.405000000000001,0.12375
2026-09-28,2026-09-28 18:18:07,Frutas y Verduras,Pera,1.2375,23.5125,0.165,6.1875,0.04125
2026-09-28,2026-09-28 18:18:07,Almacén,Azúcar,1.23,158.67000000000002,0.0,41.0,0.0
2026-09-28,2026-09-28 18:18:07,Almacén,Dulce de leche,0.11,11.549999999999999,0.25666666666666665,2.0166666666666666,0.25666666666666665
2026-09-28,2026-09-28 18:18:07,Almacén,Mermelada,0.11,9.533333333333333,0.018333333333333333,2.3833333333333333,0.0036666666666666666
2026-09-28,2026-09-28 18:18:07,Almacén,Dulce de batata,0.11,9.35,0.018333333333333333,2.31,0.0036666666666666666
2026-09-28,2026-09-28 18:18:07,Almacén,Lentejas,0.12,13.6,0.96,2.4,0.04
2026-09-28,2026-09-28 18:18:07,Almacén,Arvejas,0.12,13.6,0.88,2.4,0.048
2026-09-28,2026-09-28 18:18:07,Carnes,Asado,1.045,87.08333333333334,6.2700000000000005,0.0,6.966666666666668
2026-09-28,2026-09-28 18:18:07,Carnes,Carne picada,1.045,73.15,6.618333333333334,0.0,5.2250000000000005
2026-09-28,2026-09-28 18:18:07,Carnes,Paleta,1.045,59.21666666666667,6.966666666666668,0.0,3.483333333333334
2026-09-28,2026-09-28 18:18:07,Carnes,Nalga,1.045,48.766666666666666,7.315,0.0,1.741666666666667
2026-09-28,2026-09-28 18:18:07,Carnes,Pollo entero,1.045,74.89166666666667,6.2700000000000005,0.0,5.2250000000000005
2026-09-28,2026-09-28 18:18:07,Carnes,Pescado,1.045,31.35,6.2700000000000005,0.0,0.5225
2026-09-28,2026-09-28 18:18:07,Carnes,Hígado,0.27,12.15,1.8,0.34199999999999997,0.36
2026-09-28,2026-09-28 18:18:07,Carnes,Paleta cocida,0.03,1.3,0.18,0.02,0.06
2026-09-28,2026-09-28 18:18:07,Carnes,Salame,0.03,4.0,0.2,0.01,0.35
2026-09-28,2026-09-28 18:18:07,Lácteos y Huevos,Huevos (docena),0.6,30.0,2.5,0.13999999999999999,2.0
2026-09-28,2026-09-28 18:18:07,Lácteos y Huevos,Leche entera,9.27,185.4,9.579,14.523,9.27
2026-09-28,2026-09-28 18:18:07,Lácteos y Huevos,Queso cremoso,0.11,11.0,0.6599999999999999,0.05499999999999999,0.9166666666666666
2026-09-28,2026-09-28 18:18:07,Lácteos y Huevos,Queso cuartirolo,0.11,10.266666666666666,0.6966666666666667,0.05499999999999999,0.8066666666666666
2026-09-28,2026-09-28 18:18:07,Lácteos y Huevos,Queso de rallar,0.11,13.933333333333332,1.21,0.05499999999999999,0.99
2026-09-28,2026-09-28 18:18:07,Lácteos y Huevos,Yogur,0.57,12.35,0.608,1.71,0.47500000000000003
2026-09-28,2026-09-28 18:18:07,Lácteos y Huevos,Manteca,0.06,14.34,0.018000000000000002,0.002,1.62
2026-09-28,2026-09-28 18:18:07,Almacén,Aceite de girasol,1.2,353.6,0.0,0.0,40.0
2026-09-28,2026-09-28 18:18:07,Bebidas,Gaseosa,1.15,15.333333333333336,0.0,3.833333333333334,0.0
2026-09-28,2026-09-28 18:18:07,Bebidas,Jugo,1.15,13.416666666666666,0.0,3.45,0.0
2026-09-28,2026-09-28 18:18:07,Bebidas,Soda,1.15,0.0,0.0,0.0,0.0
2026-09-28,2026-09-28 18:18:07,Bebidas,Cerveza,0.54,7.74,0.09,0.6300000000000001,0.0
2026-09-28,2026-09-28 18:18:07,Bebidas,Vino,0.54,15.299999999999999,0.018000000000000002,0.45,0.0
2026-09-28,2026-09-28 18:18:07,Almacén,Sal fina,0.12,0.0,0.0,0.0,0.0
2026-09-28,2026-09-28 18:18:07,Almacén,Mayonesa,0.06,13.6,0.02,0.06,1.5
2026-09-28,2026-09-28 18:18:07,Almacén,Caldo en cubo / Polvo,0.06,5.0,0.2,0.5,0.2
2026-09-28,2026-09-28 18:18:07,Almacén,Vinagre,0.06,0.36,0.0,0.002,0.0
2026-09-28,2026-09-28 18:18:07,Almacén,Café,0.03,2.0,0.14,0.4,0.002
2026-09-28,2026-09-28 18:18:07,Almacén,Yerba mate,0.51,5.1,0.17,1.02,0.0
2026-09-29,2026-09-29 12:12:11,Panadería,Pan francés,6.75,596.25,20.25,123.75000000000001,2.7
2026-09-29,2026-09-29 12:12:11,Panadería,Galletitas de agua,0.42,58.800000000000004,1.33,9.520000000000001,1.68
2026-09-29,2026-09-29 12:12:11,Panadería,Galletitas dulces,0.21,31.5,0.455,5.04,1.05
2026-09-29,2026-09-29 12:12:11,Almacén,Arroz blanco,1.2,141.6,2.8000000000000003,31.200000000000003,0.24
2026-09-29,2026-09-29 12:12:11,Almacén,Harina de trigo 000,1.08,122.39999999999999,3.6,25.919999999999998,0.432
2026-09-29,2026-09-29 12:12:11,Almacén,Harina de maíz / Polenta,0.21,24.5,0.56,5.32,0.07
2026-09-29,2026-09-29 12:12:11,Almacén,Fideos secos,1.74,205.89999999999998,6.96,42.339999999999996,0.87
2026-09-29,2026-09-29 12:12:11,Frutas y Verduras,Papa blanca,6.51,173.60000000000002,4.34,39.059999999999995,0.217
2026-09-29,2026-09-29 12:12:11,Frutas y Verduras,Batata,0.51,14.62,0.272,3.4000000000000004,0.017
2026-09-29,2026-09-29 12:12:11,Frutas y Verduras,Cebolla,1.146,15.280000000000001,0.4202000000000001,3.438,0.038200000000000005
2026-09-29,2026-09-29 12:12:11,Frutas y Verduras,Tomate,1.146,6.876,0.34380000000000005,1.4898,0.07640000000000001
2026-09-29,2026-09-29 12:12:11,Frutas y Verduras,Zanahoria,1.146,15.662,0.34380000000000005,3.6672000000000002,0.07640000000000001
2026-09-29,2026-09-29 12:12:11,Frutas y Verduras,Zapallo,1.146,9.932,0.38200000000000006,2.483,0.038200000000000005
2026-09-29,2026-09-29 12:12:11,Frutas y Verduras,Acelga,1.146,7.258000000000001,0.6876000000000001,1.4134000000000002,0.07640000000000001
2026-09-29,2026-09-29 12:12:11,Frutas y Verduras,Manzana,1.2375,21.45,0.12375,5.692500000000001,0.0825
2026-09-29,2026-09-29 12:12:11,Frutas y Verduras,Naranja,1.2375,19.3875,0.37125,4.867500000000001,0.04125
2026-09-29,2026-09-29 12:12:11,Frutas y Verduras,Banana,1.2375,36.7125,0.45375000000000004,9.405000000000001,0.12375
2026-09-29,2026-09-29 12:12:11,Frutas y Verduras,Pera,1.2375,23.5125,0.165,6.1875,0.04125
2026-09-29,2026-09-29 12:12:11,Almacén,Azúcar,1.23,158.67000000000002,0.0,41.0,0.0
2026-09-29,2026-09-29 12:12:11,Almacén,Dulce de leche,0.11,11.549999999999999,0.25666666666666665,2.0166666666666666,0.25666666666666665
2026-09-29,2026-09-29 12:12:11,Almacén,Mermelada,0.11,9.533333333333333,0.018333333333333333,2.3833333333333333,0.0036666666666666666
2026-09-29,2026-09-29 12:12:11,Almacén,Dulce de batata,0.11,9.35,0.018333333333333333,2.31,0.0036666666666666666
2026-09-29,2026-09-29 12:12:11,Almacén,Lentejas,0.12,13.6,0.96,2.4,0.04
2026-09-29,2026-09-29 12:12:11,Almacén,Arvejas,0.12,13.6,0.88,2.4,0.048
2026-09-29,2026-09-29 12:12:11,Carnes,Asado,1.045,87.08333333333334,6.2700000000000005,0.0,6.966666666666668
2026-09-29,2026-09-29 12:12:11,Carnes,Carne picada,1.045,73.15,6.618333333333334,0.0,5.2250000000000005
2026-09-29,2026-09-29 12:12:11,Carnes,Paleta,1.045,59.21666666666667,6.966666666666668,0.0,3.483333333333334
2026-09-29,2026-09-29 12:12:11,Carnes,Nalga,1.045,48.766666666666666,7.315,0.0,1.741666666666667
2026-09-29,2026-09-29 12:12:11,Carnes,Pollo entero,1.045,74.89166666666667,6.2700000000000005,0.0,5.2250000000000005
2026-09-29,2026-09-29 12:12:11,Carnes,Pescado,1.045,31.35,6.2700000000000005,0.0,0.5225
2026-09-29,2026-09-29 12:12:11,Carnes,Hígado,0.27,12.15,1.8,0.34199999999999997,0.36
2026-09-29,2026-09-29 12:12:11,Carnes,Paleta cocida,0.03,1.3,0.18,0.02,0.06
2026-09-29,2026-09-29 12:12:11,Carnes,Salame,0.03,4.0,0.2,0.01,0.35
2026-09-29,2026-09-29 12:12:11,Lácteos y Huevos,Huevos (docena),0.6,30.0,2.5,0.13999999999999999,2.0
2026-09-29,2026-09-29 12:12:11,Lácteos y Huevos,Leche entera,9.27,185.4,9.579,14.523,9.27
2026-09-29,2026-09-29 12:12:11,Lácteos y Huevos,Queso cremoso,0.11,11.0,0.6599999999999999,0.05499999999999999,0.9166666666666666
2026-09-29,2026-09-29 12:12:11,Lácteos y Huevos,Queso cuartirolo,0.11,10.266666666666666,0.6966666666666667,0.05499999999999999,0.8066666666666666
2026-09-29,2026-09-29 12:12:11,Lácteos y Huevos,Queso de rallar,0.11,13.933333333333332,1.21,0.05499999999999999,0.99
2026-09-29,2026-09-29 12:12:11,Lácteos y Huevos,Yogur,0.57,12.35,0.608,1.71,0.47500000000000003
2026-09-29,2026-09-29 12:12:11,Lácteos y Huevos,Manteca,0.06,14.34,0.018000000000000002,0.002,1.62
2026-09-29,2026-09-29 12:12:11,Almacén,Aceite de girasol,1.2,353.6,0.0,0.0,40.0
2026-09-29,2026-09-29 12:12:11,Bebidas,Gaseosa,1.15,15.333333333333336,0.0,3.833333333333334,0.0
2026-09-29,2026-09-29 12:12:11,Bebidas,Jugo,1.15,13.416666666666666,0.0,3.45,0.0
2026-09-29,2026-09-29 12:12:11,Bebidas,Soda,1.15,0.0,0.0,0.0,0.0
2026-09-29,2026-09-29 12:12:11,Bebidas,Cerveza,0.54,7.74,0.09,0.6300000000000001,0.0
2026-09-29,2026-09-29 12:12:11,Bebidas,Vino,0.54,15.299999999999999,0.018000000000000002,0.45,0.0
2026-09-29,2026-09-29 12:12:11,Almacén,Sal fina,0.12,0.0,0.0,0.0,0.0
2026-09-29,2026-09-29 12:12:11,Almacén,Mayonesa,0.06,13.6,0.02,0.06,1.5
2026-09-29,2026-09-29 12:12:11,Almacén,Caldo en cubo / Polvo,0.06,5.0,0.2,0.5,0.2
2026-09-29,2026-09-29 12:12:11,Almacén,Vinagre,0.06,0.36,0.0,0.002,0.0
2026-09-29,2026-09-29 12:12:11,Almacén,Café,0.03,2.0,0.14,0.4,0.002
2026-09-29,2026-09-29 12:12:11,Almacén,Yerba mate,0.51,5.1,0.17,1.02,0.0
2026-09-29,2026-09-29 16:41:07,Panadería,Pan francés,6.75,596.25,20.25,123.75000000000001,2.7
2026-09-29,2026-09-29 16:41:07,Panadería,Galletitas de agua,0.42,58.800000000000004,1.33,9.520000000000001,1.68
2026-09-29,2026-09-29 16:41:07,Panadería,Galletitas dulces,0.21,31.5,0.455,5.04,1.05
2026-09-29,2026-09-29 16:41:07,Almacén,Arroz blanco,1.2,141.6,2.8000000000000003,31.200000000000003,0.24
2026-09-29,2026-09-29 16:41:07,Almacén,Harina de trigo 000,1.08,122.39999999999999,3.6,25.919999999999998,0.432
2026-09-29,2026-09-29 16:41:07,Almacén,Harina de maíz / Polenta,0.21,24.5,0.56,5.32,0.07
2026-09-29,2026-09-29 16:41:07,Almacén,Fideos secos,1.74,205.89999999999998,6.96,42.339999999999996,0.87
2026-09-29,2026-09-29 16:41:07,Frutas y Verduras,Papa blanca,6.51,173.60000000000002,4.34,39.059999999999995,0.217
2026-09-29,2026-09-29 16:41:07,Frutas y Verduras,Batata,0.51,14.62,0.272,3.4000000000000004,0.017
2026-09-29,2026-09-29 16:41:07,Frutas y Verduras,Cebolla,1.146,15.280000000000001,0.4202000000000001,3.438,0.038200000000000005
2026-09-29,2026-09-29 16:41:07,Frutas y Verduras,Tomate,1.146,6.876,0.34380000000000005,1.4898,0.07640000000000001
2026-09-29,2026-09-29 16:41:07,Frutas y Verduras,Zanahoria,1.146,15.662,0.34380000000000005,3.6672000000000002,0.07640000000000001
2026-09-29,2026-09-29 16:41:07,Frutas y Verduras,Zapallo,1.146,9.932,0.38200000000000006,2.483,0.038200000000000005
2026-09-29,2026-09-29 16:41:07,Frutas y Verduras,Acelga,1.146,7.258000000000001,0.6876000000000001,1.4134000000000002,0.07640000000000001
2026-09-29,2026-09-29 16:41:07,Frutas y Verduras,Manzana,1.2375,21.45,0.12375,5.692500000000001,0.0825
2026-09-29,2026-09-29 16:41:07,Frutas y Verduras,Naranja,1.2375,19.3875,0.37125,4.867500000000001,0.04125
2026-09-29,2026-09-29 16:41:07,Frutas y Verduras,Banana,1.2375,36.7125,0.45375000000000004,9.405000000000001,0.12375
2026-09-29,2026-09-29 16:41:07,Frutas y Verduras,Pera,1.2375,23.5125,0.165,6.1875,0.04125
2026-09-29,2026-09-29 16:41:07,Almacén,Azúcar,1.23,158.67000000000002,0.0,41.0,0.0
2026-09-29,2026-09-29 16:41:07,Almacén,Dulce de leche,0.11,11.549999999999999,0.25666666666666665,2.0166666666666666,0.25666666666666665
2026-09-29,2026-09-29 16:41:07,Almacén,Mermelada,0.11,9.533333333333333,0.018333333333333333,2.3833333333333333,0.0036666666666666666
2026-09-29,2026-09-29 16:41:07,Almacén,Dulce de batata,0.11,9.35,0.018333333333333333,2.31,0.0036666666666666666
2026-09-29,2026-09-29 16:41:07,Almacén,Lentejas,0.12,13.6,0.96,2.4,0.04
2026-09-29,2026-09-29 16:41:07,Almacén,Arvejas,0.12,13.6,0.88,2.4,0.048
2026-09-29,2026-09-29 16:41:07,Carnes,Asado,1.045,87.08333333333334,6.2700000000000005,0.0,6.966666666666668
2026-09-29,2026-09-29 16:41:07,Carnes,Carne picada,1.045,73.15,6.618333333333334,0.0,5.2250000000000005
2026-09-29,2026-09-29 16:41:07,Carnes,Paleta,1.045,59.21666666666667,6.966666666666668,0.0,3.483333333333334
2026-09-29,2026-09-29 16:41:07,Carnes,Nalga,1.045,48.766666666666666,7.315,0.0,1.741666666666667
2026-09-29,2026-09-29 16:41:07,Carnes,Pollo entero,1.045,74.89166666666667,6.2700000000000005,0.0,5.2250000000000005
2026-09-29,2026-09-29 16:41:07,Carnes,Pescado,1.045,31.35,6.2700000000000005,0.0,0.5225
2026-09-29,2026-09-29 16:41:07,Carnes,Hígado,0.27,12.15,1.8,0.34199999999999997,0.36
2026-09-29,2026-09-29 16:41:07,Carnes,Paleta cocida,0.03,1.3,0.18,0.02,0.06
2026-09-29,2026-09-29 16:41:07,Carnes,Salame,0.03,4.0,0.2,0.01,0.35
2026-09-29,2026-09-29 16:41:07,Lácteos y Huevos,Huevos (docena),0.6,30.0,2.5,0.13999999999999999,2.0
2026-09-29,2026-09-29 16:41:07,Lácteos y Huevos,Leche entera,9.27,185.4,9.579,14.523,9.27
2026-09-29,2026-09-29 16:41:07,Lácteos y Huevos,Queso cremoso,0.11,11.0,0.6599999999999999,0.05499999999999999,0.9166666666666666
2026-09-29,2026-09-29 16:41:07,Lácteos y Huevos,Queso cuartirolo,0.11,10.266666666666666,0.6966666666666667,0.05499999999999999,0.8066666666666666
2026-09-29,2026-09-29 16:41:07,Lácteos y Huevos,Queso de rallar,0.11,13.933333333333332,1.21,0.05499999999999999,0.99
2026-09-29,2026-09-29 16:41:07,Lácteos y Huevos,Yogur,0.57,12.35,0.608,1.71,0.47500000000000003
2026-09-29,2026-09-29 16:41:07,Lácteos y Huevos,Manteca,0.06,14.34,0.018000000000000002,0.002,1.62
2026-09-29,2026-09-29 16:41:07,Almacén,Aceite de girasol,1.2,353.6,0.0,0.0,40.0
2026-09-29,2026-09-29 16:41:07,Bebidas,Gaseosa,1.15,15.333333333333336,0.0,3.833333333333334,0.0
2026-09-29,2026-09-29 16:41:07,Bebidas,Jugo,1.15,13.416666666666666,0.0,3.45,0.0
2026-09-29,2026-09-29 16:41:07,Bebidas,Soda,1.15,0.0,0.0,0.0,0.0
2026-09-29,2026-09-29 16:41:07,Bebidas,Cerveza,0.54,7.74,0.09,0.6300000000000001,0.0
2026-09-29,2026-09-29 16:41:07,Bebidas,Vino,0.54,15.299999999999999,0.018000000000000002,0.45,0.0
2026-09-29,2026-09-29 16:41:07,Almacén,Sal fina,0.12,0.0,0.0,0.0,0.0
2026-09-29,2026-09-29 16:41:07,Almacén,Mayonesa,0.06,13.6,0.02,0.06,1.5
2026-09-29,2026-09-29 16:41:07,Almacén,Caldo en cubo / Polvo,0.06,5.0,0.2,0.5,0.2
2026-09-29,2026-09-29 16:41:07,Almacén,Vinagre,0.06,0.36,0.0,0.002,0.0
2026-09-29,2026-09-29 16:41:07,Almacén,Café,0.03,2.0,0.14,0.4,0.002
2026-09-29,2026-09-29 16:41:07,Almacén,Yerba mate,0.51,5.1,0.17,1.02,0.0
2026-09-30,2026-09-30 16:32:45,Panadería,Pan francés,6.75,596.25,20.25,123.75000000000001,2.7
2026-09-30,2026-09-30 16:32:45,Panadería,Galletitas de agua,0.42,58.800000000000004,1.33,9.520000000000001,1.68
2026-09-30,2026-09-30 16:32:45,Panadería,Galletitas dulces,0.21,31.5,0.455,5.04,1.05
2026-09-30,2026-09-30 16:32:45,Almacén,Arroz blanco,1.2,141.6,2.8000000000000003,31.200000000000003,0.24
2026-09-30,2026-09-30 16:32:45,Almacén,Harina de trigo 000,1.08,122.39999999999999,3.6,25.919999999999998,0.432
2026-09-30,2026-09-30 16:32:45,Almacén,Harina de maíz / Polenta,0.21,24.5,0.56,5.32,0.07
2026-09-30,2026-09-30 16:32:45,Almacén,Fideos secos,1.74,205.89999999999998,6.96,42.339999999999996,0.87
2026-09-30,2026-09-30 16:32:45,Frutas y Verduras,Papa blanca,6.51,173.60000000000002,4.34,39.059999999999995,0.217
2026-09-30,2026-09-30 16:32:45,Frutas y Verduras,Batata,0.51,14.62,0.272,3.4000000000000004,0.017
2026-09-30,2026-09-30 16:32:45,Frutas y Verduras,Cebolla,1.146,15.280000000000001,0.4202000000000001,3.438,0.038200000000000005
2026-09-30,2026-09-30 16:32:45,Frutas y Verduras,Tomate,1.146,6.876,0.34380000000000005,1.4898,0.07640000000000001
2026-09-30,2026-09-30 16:32:45,Frutas y Verduras,Zanahoria,1.146,15.662,0.34380000000000005,3.6672000000000002,0.07640000000000001
2026-09-30,2026-09-30 16:32:45,Frutas y Verduras,Zapallo,1.146,9.932,0.38200000000000006,2.483,0.038200000000000005
2026-09-30,2026-09-30 16:32:45,Frutas y Verduras,Acelga,1.146,7.258000000000001,0.6876000000000001,1.4134000000000002,0.07640000000000001
2026-09-30,2026-09-30 16:32:45,Frutas y Verduras,Manzana,1.2375,21.45,0.12375,5.692500000000001,0.0825
2026-09-30,2026-09-30 16:32:45,Frutas y Verduras,Naranja,1.2375,19.3875,0.37125,4.867500000000001,0.04125
2026-09-30,2026-09-30 16:32:45,Frutas y Verduras,Banana,1.2375,36.7125,0.45375000000000004,9.405000000000001,0.12375
2026-09-30,2026-09-30 16:32:45,Frutas y Verduras,Pera,1.2375,23.5125,0.165,6.1875,0.04125
2026-09-30,2026-09-30 16:32:45,Almacén,Azúcar,1.23,158.67000000000002,0.0,41.0,0.0
2026-09-30,2026-09-30 16:32:45,Almacén,Dulce de leche,0.11,11.549999999999999,0.25666666666666665,2.0166666666666666,0.25666666666666665
2026-09-30,2026-09-30 16:32:45,Almacén,Mermelada,0.11,9.533333333333333,0.018333333333333333,2.3833333333333333,0.0036666666666666666
2026-09-30,2026-09-30 16:32:45,Almacén,Dulce de batata,0.11,9.35,0.018333333333333333,2.31,0.0036666666666666666
2026-09-30,2026-09-30 16:32:45,Almacén,Lentejas,0.12,13.6,0.96,2.4,0.04
2026-09-30,2026-09-30 16:32:45,Almacén,Arvejas,0.12,13.6,0.88,2.4,0.048
2026-09-30,2026-09-30 16:32:45,Carnes,Asado,1.045,87.08333333333334,6.2700000000000005,0.0,6.966666666666668
2026-09-30,2026-09-30 16:32:45,Carnes,Carne picada,1.045,73.15,6.618333333333334,0.0,5.2250000000000005
2026-09-30,2026-09-30 16:32:45,Carnes,Paleta,1.045,59.21666666666667,6.966666666666668,0.0,3.483333333333334
2026-09-30,2026-09-30 16:32:45,Carnes,Nalga,1.045,48.766666666666666,7.315,0.0,1.741666666666667
2026-09-30,2026-09-30 16:32:45,Carnes,Pollo entero,1.045,74.89166666666667,6.2700000000000005,0.0,5.2250000000000005
2026-09-30,2026-09-30 16:32:45,Carnes,Pescado,1.045,31.35,6.2700000000000005,0.0,0.5225
2026-09-30,2026-09-30 16:32:45,Carnes,Hígado,0.27,12.15,1.8,0.34199999999999997,0.36
2026-09-30,2026-09-30 16:32:45,Carnes,Paleta cocida,0.03,1.3,0.18,0.02,0.06
2026-09-30,2026-09-30 16:32:45,Carnes,Salame,0.03,4.0,0.2,0.01,0.35
2026-09-30,2026-09-30 16:32:45,Lácteos y Huevos,Huevos (docena),0.6,30.0,2.5,0.13999999999999999,2.0
2026-09-30,2026-09-30 16:32:45,Lácteos y Huevos,Leche entera,9.27,185.4,9.579,14.523,9.27
2026-09-30,2026-09-30 16:32:45,Lácteos y Huevos,Queso cremoso,0.11,11.0,0.6599999999999999,0.05499999999999999,0.9166666666666666
2026-09-30,2026-09-30 16:32:45,Lácteos y Huevos,Queso cuartirolo,0.11,10.266666666666666,0.6966666666666667,0.05499999999999999,0.8066666666666666
2026-09-30,2026-09-30 16:32:45,Lácteos y Huevos,Queso de rallar,0.11,13.933333333333332,1.21,0.05499999999999999,0.99
2026-09-30,2026-09-30 16:32:45,Lácteos y Huevos,Yogur,0.57,12.35,0.608,1.71,0.47500000000000003
2026-09-30,2026-09-30 16:32:45,Lácteos y Huevos,Manteca,0.06,14.34,0.018000000000000002,0.002,1.62
2026-09-30,2026-09-30 16:32:45,Almacén,Aceite de girasol,1.2,353.6,0.0,0.0,40.0
2026-09-30,2026-09-30 16:32:45,Bebidas,Gaseosa,1.15,15.333333333333336,0.0,3.833333333333334,0.0
2026-09-30,2026-09-30 16:32:45,Bebidas,Jugo,1.15,13.416666666666666,0.0,3.45,0.0
2026-09-30,2026-09-30 16:32:45,Bebidas,Soda,1.15,0.0,0.0,0.0,0.0
2026-09-30,2026-09-30 16:32:45,Bebidas,Cerveza,0.54,7.74,0.09,0.6300000000000001,0.0
2026-09-30,2026-09-30 16:32:45,Bebidas,Vino,0.54,15.299999999999999,0.018000000000000002,0.45,0.0
2026-09-30,2026-09-30 16:32:45,Almacén,Sal fina,0.12,0.0,0.0,0.0,0.0
2026-09-30,2026-09-30 16:32:45,Almacén,Mayonesa,0.06,13.6,0.02,0.06,1.5
2026-09-30,2026-09-30 16:32:45,Almacén,Caldo en cubo / Polvo,0.06,5.0,0.2,0.5,0.2
2026-09-30,2026-09-30 16:32:45,Almacén,Vinagre,0.06,0.36,0.0,0.002,0.0
2026-09-30,2026-09-30 16:32:45,Almacén,Café,0.03,2.0,0.14,0.4,0.002
2026-09-30,2026-09-30 16:32:45,Almacén,Yerba mate,0.51,5.1,0.17,1.02,0.0
2026-10-01,2026-10-01 17:10:46,Panadería,Pan francés,6.75,596.25,20.25,123.75000000000001,2.7
2026-10-01,2026-10-01 17:10:46,Panadería,Galletitas de agua,0.42,58.800000000000004,1.33,9.520000000000001,1.68
2026-10-01,2026-10-01 17:10:46,Panadería,Galletitas dulces,0.21,31.5,0.455,5.04,1.05
2026-10-01,2026-10-01 17:10:46,Almacén,Arroz blanco,1.2,141.6,2.8000000000000003,31.200000000000003,0.24
2026-10-01,2026-10-01 17:10:46,Almacén,Harina de trigo 000,1.08,122.39999999999999,3.6,25.919999999999998,0.432
2026-10-01,2026-10-01 17:10:46,Almacén,Harina de maíz / Polenta,0.21,24.5,0.56,5.32,0.07
2026-10-01,2026-10-01 17:10:46,Almacén,Fideos secos,1.74,205.89999999999998,6.96,42.339999999999996,0.87
2026-10-01,2026-10-01 17:10:46,Frutas y Verduras,Papa blanca,6.51,173.60000000000002,4.34,39.059999999999995,0.217
2026-10-01,2026-10-01 17:10:46,Frutas y Verduras,Batata,0.51,14.62,0.272,3.4000000000000004,0.017
2026-10-01,2026-10-01 17:10:46,Frutas y Verduras,Cebolla,1.146,15.280000000000001,0.4202000000000001,3.438,0.038200000000000005
2026-10-01,2026-10-01 17:10:46,Frutas y Verduras,Tomate,1.146,6.876,0.34380000000000005,1.4898,0.07640000000000001
2026-10-01,2026-10-01 17:10:46,Frutas y Verduras,Zanahoria,1.146,15.662,0.34380000000000005,3.6672000000000002,0.07640000000000001
2026-10-01,2026-10-01 17:10:46,Frutas y Verduras,Zapallo,1.146,9.932,0.38200000000000006,2.483,0.038200000000000005
2026-10-01,2026-10-01 17:10:46,Frutas y Verduras,Acelga,1.146,7.258000000000001,0.6876000000000001,1.4134000000000002,0.07640000000000001
2026-10-01,2026-10-01 17:10:46,Frutas y Verduras,Manzana,1.2375,21.45,0.12375,5.692500000000001,0.0825
2026-10-01,2026-10-01 17:10:46,Frutas y Verduras,Naranja,1.2375,19.3875,0.37125,4.867500000000001,0.04125
2026-10-01,2026-10-01 17:10:46,Frutas y Verduras,Banana,1.2375,36.7125,0.45375000000000004,9.405000000000001,0.12375
2026-10-01,2026-10-01 17:10:46,Frutas y Verduras,Pera,1.2375,23.5125,0.165,6.1875,0.04125
2026-10-01,2026-10-01 17:10:46,Almacén,Azúcar,1.23,158.67000000000002,0.0,41.0,0.0
2026-10-01,2026-10-01 17:10:46,Almacén,Dulce de leche,0.11,11.549999999999999,0.25666666666666665,2.0166666666666666,0.25666666666666665
2026-10-01,2026-10-01 17:10:46,Almacén,Mermelada,0.11,9.533333333333333,0.018333333333333333,2.3833333333333333,0.0036666666666666666
2026-10-01,2026-10-01 17:10:46,Almacén,Dulce de batata,0.11,9.35,0.018333333333333333,2.31,0.0036666666666666666
2026-10-01,2026-10-01 17:10:46,Almacén,Lentejas,0.12,13.6,0.96,2.4,0.04
2026-10-01,2026-10-01 17:10:46,Almacén,Arvejas,0.12,13.6,0.88,2.4,0.048
2026-10-01,2026-10-01 17:10:46,Carnes,Asado,1.045,87.08333333333334,6.2700000000000005,0.0,6.966666666666668
2026-10-01,2026-10-01 17:10:46,Carnes,Carne picada,1.045,73.15,6.618333333333334,0.0,5.2250000000000005
2026-10-01,2026-10-01 17:10:46,Carnes,Paleta,1.045,59.21666666666667,6.966666666666668,0.0,3.483333333333334
2026-10-01,2026-10-01 17:10:46,Carnes,Nalga,1.045,48.766666666666666,7.315,0.0,1.741666666666667
2026-10-01,2026-10-01 17:10:46,Carnes,Pollo entero,1.045,74.89166666666667,6.2700000000000005,0.0,5.2250000000000005
2026-10-01,2026-10-01 17:10:46,Carnes,Pescado,1.045,31.35,6.2700000000000005,0.0,0.5225
2026-10-01,2026-10-01 17:10:46,Carnes,Hígado,0.27,12.15,1.8,0.34199999999999997,0.36
2026-10-01,2026-10-01 17:10:46,Carnes,Paleta cocida,0.03,1.3,0.18,0.02,0.06
2026-10-01,2026-10-01 17:10:46,Carnes,Salame,0.03,4.0,0.2,0.01,0.35
2026-10-01,2026-10-01 17:10:46,Lácteos y Huevos,Huevos (docena),0.6,30.0,2.5,0.13999999999999999,2.0
2026-10-01,2026-10-01 17:10:46,Lácteos y Huevos,Leche entera,9.27,185.4,9.579,14.523,9.27
2026-10-01,2026-10-01 17:10:46,Lácteos y Huevos,Queso cremoso,0.11,11.0,0.6599999999999999,0.05499999999999999,0.9166666666666666
2026-10-01,2026-10-01 17:10:46,Lácteos y Huevos,Queso cuartirolo,0.11,10.266666666666666,0.6966666666666667,0.05499999999999999,0.8066666666666666
2026-10-01,2026-10-01 17:10:46,Lácteos y Huevos,Queso de rallar,0.11,13.933333333333332,1.21,0.05499999999999999,0.99
2026-10-01,2026-10-01 17:10:46,Lácteos y Huevos,Yogur,0.57,12.35,0.608,1.71,0.47500000000000003
2026-10-01,2026-10-01 17:10:46,Lácteos y Huevos,Manteca,0.06,14.34,0.018000000000000002,0.002,1.62
2026-10-01,2026-10-01 17:10:46,Almacén,Aceite de girasol,1.2,353.6,0.0,0.0,40.0
2026-10-01,2026-10-01 17:10:46,Bebidas,Gaseosa,1.15,15.333333333333336,0.0,3.833333333333334,0.0
2026-10-01,2026-10-01 17:10:46,Bebidas,Jugo,1.15,13.416666666666666,0.0,3.45,0.0
2026-10-01,2026-10-01 17:10:46,Bebidas,Soda,1.15,0.0,0.0,0.0,0.0
2026-10-01,2026-10-01 17:10:46,Bebidas,Cerveza,0.54,7.74,0.09,0.6300000000000001,0.0
2026-10-01,2026-10-01 17:10:46,Bebidas,Vino,0.54,15.299999999999999,0.018000000000000002,0.45,0.0
2026-10-01,2026-10-01 17:10:46,Almacén,Sal fina,0.12,0.0,0.0,0.0,0.0
2026-10-01,2026-10-01 17:10:46,Almacén,Mayonesa,0.06,13.6,0.02,0.06,1.5
2026-10-01,2026-10-01 17:10:46,Almacén,Caldo en cubo / Polvo,0.06,5.0,0.2,0.5,0.2
2026-10-01,2026-10-01 17:10:46,Almacén,Vinagre,0.06,0.36,0.0,0.002,0.0
2026-10-01,2026-10-01 17:10:46,Almacén,Café,0.03,2.0,0.14,0.4,0.002
2026-10-01,2026-10-01 17:10:46,Almacén,Yerba mate,0.51,5.1,0.17,1.02,0.0
2026-10-02,2026-10-02 16:24:22,Panadería,Pan francés,6.75,596.25,20.25,123.75000000000001,2.7
2026-10-02,2026-10-02 16:24:22,Panadería,Galletitas de agua,0.42,58.800000000000004,1.33,9.520000000000001,1.68
2026-10-02,2026-10-02 16:24:22,Panadería,Galletitas dulces,0.21,31.5,0.455,5.04,1.05
2026-10-02,2026-10-02 16:24:22,Almacén,Arroz blanco,1.2,141.6,2.8000000000000003,31.200000000000003,0.24
2026-10-02,2026-10-02 16:24:22,Almacén,Harina de trigo 000,1.08,122.39999999999999,3.6,25.919999999999998,0.432
2026-10-02,2026-10-02 16:24:22,Almacén,Harina de maíz / Polenta,0.21,24.5,0.56,5.32,0.07
2026-10-02,2026-10-02 16:24:22,Almacén,Fideos secos,1.74,205.89999999999998,6.96,42.339999999999996,0.87
2026-10-02,2026-10-02 16:24:22,Frutas y Verduras,Papa blanca,6.51,173.60000000000002,4.34,39.059999999999995,0.217
2026-10-02,2026-10-02 16:24:22,Frutas y Verduras,Batata,0.51,14.62,0.272,3.4000000000000004,0.017
2026-10-02,2026-10-02 16:24:22,Frutas y Verduras,Cebolla,1.146,15.280000000000001,0.4202000000000001,3.438,0.038200000000000005
2026-10-02,2026-10-02 16:24:22,Frutas y Verduras,Tomate,1.146,6.876,0.34380000000000005,1.4898,0.07640000000000001
2026-10-02,2026-10-02 16:24:22,Frutas y Verduras,Zanahoria,1.146,15.662,0.34380000000000005,3.6672000000000002,0.07640000000000001
2026-10-02,2026-10-02 16:24:22,Frutas y Verduras,Zapallo,1.146,9.932,0.38200000000000006,2.483,0.038200000000000005
2026-10-02,2026-10-02 16:24:22,Frutas y Verduras,Acelga,1.146,7.258000000000001,0.6876000000000001,1.4134000000000002,0.07640000000000001
2026-10-02,2026-10-02 16:24:22,Frutas y Verduras,Manzana,1.2375,21.45,0.12375,5.692500000000001,0.0825
2026-10-02,2026-10-02 16:24:22,Frutas y Verduras,Naranja,1.2375,19.3875,0.37125,4.867500000000001,0.04125
2026-10-02,2026-10-02 16:24:22,Frutas y Verduras,Banana,1.2375,36.7125,0.45375000000000004,9.405000000000001,0.12375
2026-10-02,2026-10-02 16:24:22,Frutas y Verduras,Pera,1.2375,23.5125,0.165,6.1875,0.04125
2026-10-02,2026-10-02 16:24:22,Almacén,Azúcar,1.23,158.67000000000002,0.0,41.0,0.0
2026-10-02,2026-10-02 16:24:22,Almacén,Dulce de leche,0.11,11.549999999999999,0.25666666666666665,2.0166666666666666,0.25666666666666665
2026-10-02,2026-10-02 16:24:22,Almacén,Mermelada,0.11,9.533333333333333,0.018333333333333333,2.3833333333333333,0.0036666666666666666
2026-10-02,2026-10-02 16:24:22,Almacén,Dulce de batata,0.11,9.35,0.018333333333333333,2.31,0.0036666666666666666
2026-10-02,2026-10-02 16:24:22,Almacén,Lentejas,0.12,13.6,0.96,2.4,0.04
2026-10-02,2026-10-02 16:24:22,Almacén,Arvejas,0.12,13.6,0.88,2.4,0.048
2026-10-02,2026-10-02 16:24:22,Carnes,Asado,1.045,87.08333333333334,6.2700000000000005,0.0,6.966666666666668
2026-10-02,2026-10-02 16:24:22,Carnes,Carne picada,1.045,73.15,6.618333333333334,0.0,5.2250000000000005
2026-10-02,2026-10-02 16:24:22,Carnes,Paleta,1.045,59.21666666666667,6.966666666666668,0.0,3.483333333333334
2026-10-02,2026-10-02 16:24:22,Carnes,Nalga,1.045,48.766666666666666,7.315,0.0,1.741666666666667
2026-10-02,2026-10-02 16:24:22,Carnes,Pollo entero,1.045,74.89166666666667,6.2700000000000005,0.0,5.2250000000000005
2026-10-02,2026-10-02 16:24:22,Carnes,Pescado,1.045,31.35,6.2700000000000005,0.0,0.5225
2026-10-02,2026-10-02 16:24:22,Carnes,Hígado,0.27,12.15,1.8,0.34199999999999997,0.36
2026-10-02,2026-10-02 16:24:22,Carnes,Paleta cocida,0.03,1.3,0.18,0.02,0.06
2026-10-02,2026-10-02 16:24:22,Carnes,Salame,0.03,4.0,0.2,0.01,0.35
2026-10-02,2026-10-02 16:24:22,Lácteos y Huevos,Huevos (docena),0.6,30.0,2.5,0.13999999999999999,2.0
2026-10-02,2026-10-02 16:24:22,Lácteos y Huevos,Leche entera,9.27,185.4,9.579,14.523,9.27
2026-10-02,2026-10-02 16:24:22,Lácteos y Huevos,Queso cremoso,0.11,11.0,0.6599999999999999,0.05499999999999999,0.9166666666666666
2026-10-02,2026-10-02 16:24:22,Lácteos y Huevos,Queso cuartirolo,0.11,10.266666666666666,0.6966666666666667,0.05499999999999999,0.8066666666666666
2026-10-02,2026-10-02 16:24:22,Lácteos y Huevos,Queso de rallar,0.11,13.933333333333332,1.21,0.05499999999999999,0.99
2026-10-02,2026-10-02 16:24:22,Lácteos y Huevos,Yogur,0.57,12.35,0.608,1.71,0.47500000000000003
2026-10-02,2026-10-02 16:24:22,Lácteos y Huevos,Manteca,0.06,14.34,0.018000000000000002,0.002,1.62
2026-10-02,2026-10-02 16:24:22,Almacén,Aceite de girasol,1.2,353.6,0.0,0.0,40.0
2026-10-02,2026-10-02 16:24:22,Bebidas,Gaseosa,1.15,15.333333333333336,0.0,3.833333333333334,0.0
2026-10-02,2026-10-02 16:24:22,Bebidas,Jugo,1.15,13.416666666666666,0.0,3.45,0.0
2026-10-02,2026-10-02 16:24:22,Bebidas,Soda,1.15,0.0,0.0,0.0,0.0
2026-10-02,2026-10-02 16:24:22,Bebidas,Cerveza,0.54,7.74,0.09,0.6300000000000001,0.0
2026-10-02,2026-10-02 16:24:22,Bebidas,Vino,0.54,15.299999999999999,0.018000000000000002,0.45,0.0
2026-10-02,2026-10-02 16:24:22,Almacén,Sal fina,0.12,0.0,0.0,0.0,0.0
2026-10-02,2026-10-02 16:24:22,Almacén,Mayonesa,0.06,13.6,0.02,0.06,1.5
2026-10-02,2026-10-02 16:24:22,Almacén,Caldo en cubo / Polvo,0.06,5.0,0.2,0.5,0.2
2026-10-02,2026-10-02 16:24:22,Almacén,Vinagre,0.06,0.36,0.0,0.002,0.0
2026-10-02,2026-10-02 16:24:22,Almacén,Café,0.03,2.0,0.14,0.4,0.002
2026-10-02,2026-10-02 16:24:22,Almacén,Yerba mate,0.51,5.1,0.17,1.02,0.0
2026-10-03,2026-10-03 14:59:08,Panadería,Pan francés,6.75,596.25,20.25,123.75000000000001,2.7
2026-10-03,2026-10-03 14:59:08,Panadería,Galletitas de agua,0.42,58.800000000000004,1.33,9.520000000000001,1.68
2026-10-03,2026-10-03 14:59:08,Panadería,Galletitas dulces,0.21,31.5,0.455,5.04,1.05
2026-10-03,2026-10-03 14:59:08,Almacén,Arroz blanco,1.2,141.6,2.8000000000000003,31.200000000000003,0.24
2026-10-03,2026-10-03 14:59:08,Almacén,Harina de trigo 000,1.08,122.39999999999999,3.6,25.919999999999998,0.432
2026-10-03,2026-10-03 14:59:08,Almacén,Harina de maíz / Polenta,0.21,24.5,0.56,5.32,0.07
2026-10-03,2026-10-03 14:59:08,Almacén,Fideos secos,1.74,205.89999999999998,6.96,42.339999999999996,0.87
2026-10-03,2026-10-03 14:59:08,Frutas y Verduras,Papa blanca,6.51,173.60000000000002,4.34,39.059999999999995,0.217
2026-10-03,2026-10-03 14:59:08,Frutas y Verduras,Batata,0.51,14.62,0.272,3.4000000000000004,0.017
2026-10-03,2026-10-03 14:59:08,Frutas y Verduras,Cebolla,1.146,15.280000000000001,0.4202000000000001,3.438,0.038200000000000005
2026-10-03,2026-10-03 14:59:08,Frutas y Verduras,Tomate,1.146,6.876,0.34380000000000005,1.4898,0.07640000000000001
2026-10-03,2026-10-03 14:59:08,Frutas y Verduras,Zanahoria,1.146,15.662,0.34380000000000005,3.6672000000000002,0.07640000000000001
2026-10-03,2026-10-03 14:59:08,Frutas y Verduras,Zapallo,1.146,9.932,0.38200000000000006,2.483,0.038200000000000005
2026-10-03,2026-10-03 14:59:08,Frutas y Verduras,Acelga,1.146,7.258000000000001,0.6876000000000001,1.4134000000000002,0.07640000000000001
2026-10-03,2026-10-03 14:59:08,Frutas y Verduras,Manzana,1.2375,21.45,0.12375,5.692500000000001,0.0825
2026-10-03,2026-10-03 14:59:08,Frutas y Verduras,Naranja,1.2375,19.3875,0.37125,4.867500000000001,0.04125
2026-10-03,2026-10-03 14:59:08,Frutas y Verduras,Banana,1.2375,36.7125,0.45375000000000004,9.405000000000001,0.12375
2026-10-03,2026-10-03 14:59:08,Frutas y Verduras,Pera,1.2375,23.5125,0.165,6.1875,0.04125
2026-10-03,2026-10-03 14:59:08,Almacén,Azúcar,1.23,158.67000000000002,0.0,41.0,0.0
2026-10-03,2026-10-03 14:59:08,Almacén,Dulce de leche,0.11,11.549999999999999,0.25666666666666665,2.0166666666666666,0.25666666666666665
2026-10-03,2026-10-03 14:59:08,Almacén,Mermelada,0.11,9.533333333333333,0.018333333333333333,2.3833333333333333,0.0036666666666666666
2026-10-03,2026-10-03 14:59:08,Almacén,Dulce de batata,0.11,9.35,0.018333333333333333,2.31,0.0036666666666666666
2026-10-03,2026-10-03 14:59:08,Almacén,Lentejas,0.12,13.6,0.96,2.4,0.04
2026-10-03,2026-10-03 14:59:08,Almacén,Arvejas,0.12,13.6,0.88,2.4,0.048
2026-10-03,2026-10-03 14:59:08,Carnes,Asado,1.045,87.08333333333334,6.2700000000000005,0.0,6.966666666666668
2026-10-03,2026-10-03 14:59:08,Carnes,Carne picada,1.045,73.15,6.618333333333334,0.0,5.2250000000000005
2026-10-03,2026-10-03 14:59:08,Carnes,Paleta,1.045,59.21666666666667,6.966666666666668,0.0,3.483333333333334
2026-10-03,2026-10-03 14:59:08,Carnes,Nalga,1.045,48.766666666666666,7.315,0.0,1.741666666666667
2026-10-03,2026-10-03 14:59:08,Carnes,Pollo entero,1.045,74.89166666666667,6.2700000000000005,0.0,5.2250000000000005
2026-10-03,2026-10-03 14:59:08,Carnes,Pescado,1.045,31.35,6.2700000000000005,0.0,0.5225
2026-10-03,2026-10-03 14:59:08,Carnes,Hígado,0.27,12.15,1.8,0.34199999999999997,0.36
2026-10-03,2026-10-03 14:59:08,Carnes,Paleta cocida,0.03,1.3,0.18,0.02,0.06
2026-10-03,2026-10-03 14:59:08,Carnes,Salame,0.03,4.0,0.2,0.01,0.35
2026-10-03,2026-10-03 14:59:08,Lácteos y Huevos,Huevos (docena),0.6,30.0,2.5,0.13999999999999999,2.0
2026-10-03,2026-10-03 14:59:08,Lácteos y Huevos,Leche entera,9.27,185.4,9.579,14.523,9.27
2026-10-03,2026-10-03 14:59:08,Lácteos y Huevos,Queso cremoso,0.11,11.0,0.6599999999999999,0.05499999999999999,0.9166666666666666
2026-10-03,2026-10-03 14:59:08,Lácteos y Huevos,Queso cuartirolo,0.11,10.266666666666666,0.6966666666666667,0.05499999999999999,0.8066666666666666
2026-10-03,2026-10-03 14:59:08,Lácteos y Huevos,Queso de rallar,0.11,13.933333333333332,1.21,0.05499999999999999,0.99
2026-10-03,2026-10-03 14:59:08,Lácteos y Huevos,Yogur,0.57,12.35,0.608,1.71,0.47500000000000003
2026-10-03,2026-10-03 14:59:08,Lácteos y Huevos,Manteca,0.06,14.34,0.018000000000000002,0.002,1.62
2026-10-03,2026-10-03 14:59:08,Almacén,Aceite de girasol,1.2,353.6,0.0,0.0,40.0
2026-10-03,2026-10-03 14:59:08,Bebidas,Gaseosa,1.15,15.333333333333336,0.0,3.833333333333334,0.0
2026-10-03,2026-10-03 14:59:08,Bebidas,Jugo,1.15,13.416666666666666,0.0,3.45,0.0
2026-10-03,2026-10-03 14:59:08,Bebidas,Soda,1.15,0.0,0.0,0.0,0.0
2026-10-03,2026-10-03 14:59:08,Bebidas,Cerveza,0.54,7.74,0.09,0.6300000000000001,0.0
2026-10-03,2026-10-03 14:59:08,Bebidas,Vino,0.54,15.299999999999999,0.018000000000000002,0.45,0.0
2026-10-03,2026-10-03 14:59:08,Almacén,Sal fina,0.12,0.0,0.0,0.0,0.0
2026-10-03,2026-10-03 14:59:08,Almacén,Mayonesa,0.06,13.6,0.02,0.06,1.5
2026-10-03,2026-10-03 14:59:08,Almacén,Caldo en cubo / Polvo,0.06,5.0,0.2,0.5,0.2
2026-10-03,2026-10-03 14:59:08,Almacén,Vinagre,0.06,0.36,0.0,0.002,0.0
2026-10-03,2026-10-03 14:59:08,Almacén,Café,0.03,2.0,0.14,0.4,0.002
2026-10-03,2026-10-03 14:59:08,Almacén,Yerba mate,0.51,5.1,0.17,1.02,0.0
2026-10-04,2026-10-04 15:32:18,Panadería,Pan francés,6.75,596.25,20.25,123.75000000000001,2.7
2026-10-04,2026-10-04 15:32:18,Panadería,Galletitas de agua,0.42,58.800000000000004,1.33,9.520000000000001,1.68
2026-10-04,2026-10-04 15:32:18,Panadería,Galletitas dulces,0.21,31.5,0.455,5.04,1.05
2026-10-04,2026-10-04 15:32:18,Almacén,Arroz blanco,1.2,141.6,2.8000000000000003,31.200000000000003,0.24
2026-10-04,2026-10-04 15:32:18,Almacén,Harina de trigo 000,1.08,122.39999999999999,3.6,25.919999999999998,0.432
2026-10-04,2026-10-04 15:32:18,Almacén,Harina de maíz / Polenta,0.21,24.5,0.56,5.32,0.07
2026-10-04,2026-10-04 15:32:18,Almacén,Fideos secos,1.74,205.89999999999998,6.96,42.339999999999996,0.87
2026-10-04,2026-10-04 15:32:18,Frutas y Verduras,Papa blanca,6.51,173.60000000000002,4.34,39.059999999999995,0.217
2026-10-04,2026-10-04 15:32:18,Frutas y Verduras,Batata,0.51,14.62,0.272,3.4000000000000004,0.017
2026-10-04,2026-10-04 15:32:18,Frutas y Verduras,Cebolla,1.146,15.280000000000001,0.4202000000000001,3.438,0.038200000000000005
2026-10-04,2026-10-04 15:32:18,Frutas y Verduras,Tomate,1.146,6.876,0.34380000000000005,1.4898,0.07640000000000001
2026-10-04,2026-10-04 15:32:18,Frutas y Verduras,Zanahoria,1.146,15.662,0.34380000000000005,3.6672000000000002,0.07640000000000001
2026-10-04,2026-10-04 15:32:18,Frutas y Verduras,Zapallo,1.146,9.932,0.38200000000000006,2.483,0.038200000000000005
2026-10-04,2026-10-04 15:32:18,Frutas y Verduras,Acelga,1.146,7.258000000000001,0.6876000000000001,1.4134000000000002,0.07640000000000001
2026-10-04,2026-10-04 15:32:18,Frutas y Verduras,Manzana,1.2375,21.45,0.12375,5.692500000000001,0.0825
2026-10-04,2026-10-04 15:32:18,Frutas y Verduras,Naranja,1.2375,19.3875,0.37125,4.867500000000001,0.04125
2026-10-04,2026-10-04 15:32:18,Frutas y Verduras,Banana,1.2375,36.7125,0.45375000000000004,9.405000000000001,0.12375
2026-10-04,2026-10-04 15:32:18,Frutas y Verduras,Pera,1.2375,23.5125,0.165,6.1875,0.04125
2026-10-04,2026-10-04 15:32:18,Almacén,Azúcar,1.23,158.67000000000002,0.0,41.0,0.0
2026-10-04,2026-10-04 15:32:18,Almacén,Dulce de leche,0.11,11.549999999999999,0.25666666666666665,2.0166666666666666,0.25666666666666665
2026-10-04,2026-10-04 15:32:18,Almacén,Mermelada,0.11,9.533333333333333,0.018333333333333333,2.3833333333333333,0.0036666666666666666
2026-10-04,2026-10-04 15:32:18,Almacén,Dulce de batata,0.11,9.35,0.018333333333333333,2.31,0.0036666666666666666
2026-10-04,2026-10-04 15:32:18,Almacén,Lentejas,0.12,13.6,0.96,2.4,0.04
2026-10-04,2026-10-04 15:32:18,Almacén,Arvejas,0.12,13.6,0.88,2.4,0.048
2026-10-04,2026-10-04 15:32:18,Carnes,Asado,1.045,87.08333333333334,6.2700000000000005,0.0,6.966666666666668
2026-10-04,2026-10-04 15:32:18,Carnes,Carne picada,1.045,73.15,6.618333333333334,0.0,5.2250000000000005
2026-10-04,2026-10-04 15:32:18,Carnes,Paleta,1.045,59.21666666666667,6.966666666666668,0.0,3.483333333333334
2026-10-04,2026-10-04 15:32:18,Carnes,Nalga,1.045,48.766666666666666,7.315,0.0,1.741666666666667
2026-10-04,2026-10-04 15:32:18,Carnes,Pollo entero,1.045,74.89166666666667,6.2700000000000005,0.0,5.2250000000000005
2026-10-04,2026-10-04 15:32:18,Carnes,Pescado,1.045,31.35,6.2700000000000005,0.0,0.5225
2026-10-04,2026-10-04 15:32:18,Carnes,Hígado,0.27,12.15,1.8,0.34199999999999997,0.36
2026-10-04,2026-10-04 15:32:18,Carnes,Paleta cocida,0.03,1.3,0.18,0.02,0.06
2026-10-04,2026-10-04 15:32:18,Carnes,Salame,0.03,4.0,0.2,0.01,0.35
2026-10-04,2026-10-04 15:32:18,Lácteos y Huevos,Huevos (docena),0.6,30.0,2.5,0.13999999999999999,2.0
2026-10-04,2026-10-04 15:32:18,Lácteos y Huevos,Leche entera,9.27,185.4,9.579,14.523,9.27
2026-10-04,2026-10-04 15:32:18,Lácteos y Huevos,Queso cremoso,0.11,11.0,0.6599999999999999,0.05499999999999999,0.9166666666666666
2026-10-04,2026-10-04 15:32:18,Lácteos y Huevos,Queso cuartirolo,0.11,10.266666666666666,0.6966666666666667,0.05499999999999999,0.8066666666666666
2026-10-04,2026-10-04 15:32:18,Lácteos y Huevos,Queso de rallar,0.11,13.933333333333332,1.21,0.05499999999999999,0.99
2026-10-04,2026-10-04 15:32:18,Lácteos y Huevos,Yogur,0.57,12.35,0.608,1.71,0.47500000000000003
2026-10-04,2026-10-04 15:32:18,Lácteos y Huevos,Manteca,0.06,14.34,0.018000000000000002,0.002,1.62
2026-10-04,2026-10-04 15:32:18,Almacén,Aceite de girasol,1.2,353.6,0.0,0.0,40.0
2026-10-04,2026-10-04 15:32:18,Bebidas,Gaseosa,1.15,15.333333333333336,0.0,3.833333333333334,0.0
2026-10-04,2026-10-04 15:32:18,Bebidas,Jugo,1.15,13.416666666666666,0.0,3.45,0.0
2026-10-04,2026-10-04 15:32:18,Bebidas,Soda,1.15,0.0,0.0,0.0,0.0
2026-10-04,2026-10-04 15:32:18,Bebidas,Cerveza,0.54,7.74,0.09,0.6300000000000001,0.0
2026-10-04,2026-10-04 15:32:18,Bebidas,Vino,0.54,15.299999999999999,0.018000000000000002,0.45,0.0
2026-10-04,2026-10-04 15:32:18,Almacén,Sal fina,0.12,0.0,0.0,0.0,0.0
2026-10-04,2026-10-04 15:32:18,Almacén,Mayonesa,0.06,13.6,0.02,0.06,1.5
2026-10-04,2026-10-04 15:32:18,Almacén,Caldo en cubo / Polvo,0.06,5.0,0.2,0.5,0.2
2026-10-04,2026-10-04 15:32:18,Almacén,Vinagre,0.06,0.36,0.0,0.002,0.0
2026-10-04,2026-10-04 15:32:18,Almacén,Café,0.03,2.0,0.14,0.4,0.002
2026-10-04,2026-10-04 15:32:18,Almacén,Yerba mate,0.51,5.1,0.17,1.02,0.0
2026-10-05,2026-10-05 19:31:22,Panadería,Pan francés,6.75,596.25,20.25,123.75000000000001,2.7
2026-10-05,2026-10-05 19:31:22,Panadería,Galletitas de agua,0.42,58.800000000000004,1.33,9.520000000000001,1.68
2026-10-05,2026-10-05 19:31:22,Panadería,Galletitas dulces,0.21,31.5,0.455,5.04,1.05
2026-10-05,2026-10-05 19:31:22,Almacén,Arroz blanco,1.2,141.6,2.8000000000000003,31.200000000000003,0.24
2026-10-05,2026-10-05 19:31:22,Almacén,Harina de trigo 000,1.08,122.39999999999999,3.6,25.919999999999998,0.432
2026-10-05,2026-10-05 19:31:22,Almacén,Harina de maíz / Polenta,0.21,24.5,0.56,5.32,0.07
2026-10-05,2026-10-05 19:31:22,Almacén,Fideos secos,1.74,205.89999999999998,6.96,42.339999999999996,0.87
2026-10-05,2026-10-05 19:31:22,Frutas y Verduras,Papa blanca,6.51,173.60000000000002,4.34,39.059999999999995,0.217
2026-10-05,2026-10-05 19:31:22,Frutas y Verduras,Batata,0.51,14.62,0.272,3.4000000000000004,0.017
2026-10-05,2026-10-05 19:31:22,Frutas y Verduras,Cebolla,1.146,15.280000000000001,0.4202000000000001,3.438,0.038200000000000005
2026-10-05,2026-10-05 19:31:22,Frutas y Verduras,Tomate,1.146,6.876,0.34380000000000005,1.4898,0.07640000000000001
2026-10-05,2026-10-05 19:31:22,Frutas y Verduras,Zanahoria,1.146,15.662,0.34380000000000005,3.6672000000000002,0.07640000000000001
2026-10-05,2026-10-05 19:31:22,Frutas y Verduras,Zapallo,1.146,9.932,0.38200000000000006,2.483,0.038200000000000005
2026-10-05,2026-10-05 19:31:22,Frutas y Verduras,Acelga,1.146,7.258000000000001,0.6876000000000001,1.4134000000000002,0.07640000000000001
2026-10-05,2026-10-05 19:31:22,Frutas y Verduras,Manzana,1.2375,21.45,0.12375,5.692500000000001,0.0825
2026-10-05,2026-10-05 19:31:22,Frutas y Verduras,Naranja,1.2375,19.3875,0.37125,4.867500000000001,0.04125
2026-10-05,2026-10-05 19:31:22,Frutas y Verduras,Banana,1.2375,36.7125,0.45375000000000004,9.405000000000001,0.12375
2026-10-05,2026-10-05 19:31:22,Frutas y Verduras,Pera,1.2375,23.5125,0.165,6.1875,0.04125
2026-10-05,2026-10-05 19:31:22,Almacén,Azúcar,1.23,158.67000000000002,0.0,41.0,0.0
2026-10-05,2026-10-05 19:31:22,Almacén,Dulce de leche,0.11,11.549999999999999,0.25666666666666665,2.0166666666666666,0.25666666666666665
2026-10-05,2026-10-05 19:31:22,Almacén,Mermelada,0.11,9.533333333333333,0.018333333333333333,2.3833333333333333,0.0036666666666666666
2026-10-05,2026-10-05 19:31:22,Almacén,Dulce de batata,0.11,9.35,0.018333333333333333,2.31,0.0036666666666666666
2026-10-05,2026-10-05 19:31:22,Almacén,Lentejas,0.12,13.6,0.96,2.4,0.04
2026-10-05,2026-10-05 19:31:22,Almacén,Arvejas,0.12,13.6,0.88,2.4,0.048
2026-10-05,2026-10-05 19:31:22,Carnes,Asado,1.045,87.08333333333334,6.2700000000000005,0.0,6.966666666666668
2026-10-05,2026-10-05 19:31:22,Carnes,Carne picada,1.045,73.15,6.618333333333334,0.0,5.2250000000000005
2026-10-05,2026-10-05 19:31:22,Carnes,Paleta,1.045,59.21666666666667,6.966666666666668,0.0,3.483333333333334
2026-10-05,2026-10-05 19:31:22,Carnes,Nalga,1.045,48.766666666666666,7.315,0.0,1.741666666666667
2026-10-05,2026-10-05 19:31:22,Carnes,Pollo entero,1.045,74.89166666666667,6.2700000000000005,0.0,5.2250000000000005
2026-10-05,2026-10-05 19:31:22,Carnes,Pescado,1.045,31.35,6.2700000000000005,0.0,0.5225
2026-10-05,2026-10-05 19:31:22,Carnes,Hígado,0.27,12.15,1.8,0.34199999999999997,0.36
2026-10-05,2026-10-05 19:31:22,Carnes,Paleta cocida,0.03,1.3,0.18,0.02,0.06
2026-10-05,2026-10-05 19:31:22,Carnes,Salame,0.03,4.0,0.2,0.01,0.35
2026-10-05,2026-10-05 19:31:22,Lácteos y Huevos,Huevos (docena),0.6,30.0,2.5,0.13999999999999999,2.0
2026-10-05,2026-10-05 19:31:22,Lácteos y Huevos,Leche entera,9.27,185.4,9.579,14.523,9.27
2026-10-05,2026-10-05 19:31:22,Lácteos y Huevos,Queso cremoso,0.11,11.0,0.6599999999999999,0.05499999999999999,0.9166666666666666
2026-10-05,2026-10-05 19:31:22,Lácteos y Huevos,Queso cuartirolo,0.11,10.266666666666666,0.6966666666666667,0.05499999999999999,0.8066666666666666
2026-10-05,2026-10-05 19:31:22,Lácteos y Huevos,Queso de rallar,0.11,13.933333333333332,1.21,0.05499999999999999,0.99
2026-10-05,2026-10-05 19:31:22,Lácteos y Huevos,Yogur,0.57,12.35,0.608,1.71,0.47500000000000003
2026-10-05,2026-10-05 19:31:22,Lácteos y Huevos,Manteca,0.06,14.34,0.018000000000000002,0.002,1.62
2026-10-05,2026-10-05 19:31:22,Almacén,Aceite de girasol,1.2,353.6,0.0,0.0,40.0
2026-10-05,2026-10-05 19:31:22,Bebidas,Gaseosa,1.15,15.333333333333336,0.0,3.833333333333334,0.0
2026-10-05,2026-10-05 19:31:22,Bebidas,Jugo,1.15,13.416666666666666,0.0,3.45,0.0
2026-10-05,2026-10-05 19:31:22,Bebidas,Soda,1.15,0.0,0.0,0.0,0.0
2026-10-05,2026-10-05 19:31:22,Bebidas,Cerveza,0.54,7.74,0.09,0.6300000000000001,0.0
2026-10-05,2026-10-05 19:31:22,Bebidas,Vino,0.54,15.299999999999999,0.018000000000000002,0.45,0.0
2026-10-05,2026-10-05 19:31:22,Almacén,Sal fina,0.12,0.0,0.0,0.0,0.0
2026-10-05,2026-10-05 19:31:22,Almacén,Mayonesa,0.06,13.6,0.02,0.06,1.5
2026-10-05,2026-10-05 19:31:22,Almacén,Caldo en cubo / Polvo,0.06,5.0,0.2,0.5,0.2
2026-10-05,2026-10-05 19:31:22,Almacén,Vinagre,0.06,0.36,0.0,0.002,0.0
2026-10-05,2026-10-05 19:31:22,Almacén,Café,0.03,2.0,0.14,0.4,0.002
2026-10-05,2026-10-05 19:31:22,Almacén,Yerba mate,0.51,5.1,0.17,1.02,0.0
2026-10-06,2026-10-06 16:58:57,Panadería,Pan francés,6.75,596.25,20.25,123.75000000000001,2.7
2026-10-06,2026-10-06 16:58:57,Panadería,Galletitas de agua,0.42,58.800000000000004,1.33,9.520000000000001,1.68
2026-10-06,2026-10-06 16:58:57,Panadería,Galletitas dulces,0.21,31.5,0.455,5.04,1.05
2026-10-06,2026-10-06 16:58:57,Almacén,Arroz blanco,1.2,141.6,2.8000000000000003,31.200000000000003,0.24
2026-10-06,2026-10-06 16:58:57,Almacén,Harina de trigo 000,1.08,122.39999999999999,3.6,25.919999999999998,0.432
2026-10-06,2026-10-06 16:58:57,Almacén,Harina de maíz / Polenta,0.21,24.5,0.56,5.32,0.07
2026-10-06,2026-10-06 16:58:57,Almacén,Fideos secos,1.74,205.89999999999998,6.96,42.339999999999996,0.87
2026-10-06,2026-10-06 16:58:57,Frutas y Verduras,Papa blanca,6.51,173.60000000000002,4.34,39.059999999999995,0.217
2026-10-06,2026-10-06 16:58:57,Frutas y Verduras,Batata,0.51,14.62,0.272,3.4000000000000004,0.017
2026-10-06,2026-10-06 16:58:57,Frutas y Verduras,Cebolla,1.146,15.280000000000001,0.4202000000000001,3.438,0.038200000000000005
2026-10-06,2026-10-06 16:58:57,Frutas y Verduras,Tomate,1.146,6.876,0.34380000000000005,1.4898,0.07640000000000001
2026-10-06,2026-10-06 16:58:57,Frutas y Verduras,Zanahoria,1.146,15.662,0.34380000000000005,3.6672000000000002,0.07640000000000001
2026-10-06,2026-10-06 16:58:57,Frutas y Verduras,Zapallo,1.146,9.932,0.38200000000000006,2.483,0.038200000000000005
2026-10-06,2026-10-06 16:58:57,Frutas y Verduras,Acelga,1.146,7.258000000000001,0.6876000000000001,1.4134000000000002,0.07640000000000001
2026-10-06,2026-10-06 16:58:57,Frutas y Verduras,Manzana,1.2375,21.45,0.12375,5.692500000000001,0.0825
2026-10-06,2026-10-06 16:58:57,Frutas y Verduras,Naranja,1.2375,19.3875,0.37125,4.867500000000001,0.04125
2026-10-06,2026-10-06 16:58:57,Frutas y Verduras,Banana,1.2375,36.7125,0.45375000000000004,9.405000000000001,0.12375
2026-10-06,2026-10-06 16:58:57,Frutas y Verduras,Pera,1.2375,23.5125,0.165,6.1875,0.04125
2026-10-06,2026-10-06 16:58:57,Almacén,Azúcar,1.23,158.67000000000002,0.0,41.0,0.0
2026-10-06,2026-10-06 16:58:57,Almacén,Dulce de leche,0.11,11.549999999999999,0.25666666666666665,2.0166666666666666,0.25666666666666665
2026-10-06,2026-10-06 16:58:57,Almacén,Mermelada,0.11,9.533333333333333,0.018333333333333333,2.3833333333333333,0.0036666666666666666
2026-10-06,2026-10-06 16:58:57,Almacén,Dulce de batata,0.11,9.35,0.018333333333333333,2.31,0.0036666666666666666
2026-10-06,2026-10-06 16:58:57,Almacén,Lentejas,0.12,13.6,0.96,2.4,0.04
2026-10-06,2026-10-06 16:58:57,Almacén,Arvejas,0.12,13.6,0.88,2.4,0.048
2026-10-06,2026-10-06 16:58:57,Carnes,Asado,1.045,87.08333333333334,6.2700000000000005,0.0,6.966666666666668
2026-10-06,2026-10-06 16:58:57,Carnes,Carne picada,1.045,73.15,6.618333333333334,0.0,5.2250000000000005
2026-10-06,2026-10-06 16:58:57,Carnes,Paleta,1.045,59.21666666666667,6.966666666666668,0.0,3.483333333333334
2026-10-06,2026-10-06 16:58:57,Carnes,Nalga,1.045,48.766666666666666,7.315,0.0,1.741666666666667
2026-10-06,2026-10-06 16:58:57,Carnes,Pollo entero,1.045,74.89166666666667,6.2700000000000005,0.0,5.2250000000000005
2026-10-06,2026-10-06 16:58:57,Carnes,Pescado,1.045,31.35,6.2700000000000005,0.0,0.5225
2026-10-06,2026-10-06 16:58:57,Carnes,Hígado,0.27,12.15,1.8,0.34199999999999997,0.36
2026-10-06,2026-10-06 16:58:57,Carnes,Paleta cocida,0.03,1.3,0.18,0.02,0.06
2026-10-06,2026-10-06 16:58:57,Carnes,Salame,0.03,4.0,0.2,0.01,0.35
2026-10-06,2026-10-06 16:58:57,Lácteos y Huevos,Huevos (docena),0.6,30.0,2.5,0.13999999999999999,2.0
2026-10-06,2026-10-06 16:58:57,Lácteos y Huevos,Leche entera,9.27,185.4,9.579,14.523,9.27
2026-10-06,2026-10-06 16:58:57,Lácteos y Huevos,Queso cremoso,0.11,11.0,0.6599999999999999,0.05499999999999999,0.9166666666666666
2026-10-06,2026-10-06 16:58:57,Lácteos y Huevos,Queso cuartirolo,0.11,10.266666666666666,0.6966666666666667,0.05499999999999999,0.8066666666666666
2026-10-06,2026-10-06 16:58:57,Lácteos y Huevos,Queso de rallar,0.11,13.933333333333332,1.21,0.05499999999999999,0.99
2026-10-06,2026-10-06 16:58:57,Lácteos y Huevos,Yogur,0.57,12.35,0.608,1.71,0.47500000000000003
2026-10-06,2026-10-06 16:58:57,Lácteos y Huevos,Manteca,0.06,14.34,0.018000000000000002,0.002,1.62
2026-10-06,2026-10-06 16:58:57,Almacén,Aceite de girasol,1.2,353.6,0.0,0.0,40.0
2026-10-06,2026-10-06 16:58:57,Bebidas,Gaseosa,1.15,15.333333333333336,0.0,3.833333333333334,0.0
2026-10-06,2026-10-06 16:58:57,Bebidas,Jugo,1.15,13.416666666666666,0.0,3.45,0.0
2026-10-06,2026-10-06 16:58:57,Bebidas,Soda,1.15,0.0,0.0,0.0,0.0
2026-10-06,2026-10-06 16:58:57,Bebidas,Cerveza,0.54,7.74,0.09,0.6300000000000001,0.0
2026-10-06,2026-10-06 16:58:57,Bebidas,Vino,0.54,15.299999999999999,0.018000000000000002,0.45,0.0
2026-10-06,2026-10-06 16:58:57,Almacén,Sal fina,0.12,0.0,0.0,0.0,0.0
2026-10-06,2026-10-06 16:58:57,Almacén,Mayonesa,0.06,13.6,0.02,0.06,1.5
2026-10-06,2026-10-06 16:58:57,Almacén,Caldo en cubo / Polvo,0.06,5.0,0.2,0.5,0.2
2026-10-06,2026-10-06 16:58:57,Almacén,Vinagre,0.06,0.36,0.0,0.002,0.0
2026-10-06,2026-10-06 16:58:57,Almacén,Café,0.03,2.0,0.14,0.4,0.002
2026-10-06,2026-10-06 16:58:57,Almacén,Yerba mate,0.51,5.1,0.17,1.02,0.0
2026-10-07,2026-10-07 17:35:40,Panadería,Pan francés,6.75,596.25,20.25,123.75000000000001,2.7
2026-10-07,2026-10-07 17:35:40,Panadería,Galletitas de agua,0.42,58.800000000000004,1.33,9.520000000000001,1.68
2026-10-07,2026-10-07 17:35:40,Panadería,Galletitas dulces,0.21,31.5,0.455,5.04,1.05
2026-10-07,2026-10-07 17:35:40,Almacén,Arroz blanco,1.2,141.6,2.8000000000000003,31.200000000000003,0.24
2026-10-07,2026-10-07 17:35:40,Almacén,Harina de trigo 000,1.08,122.39999999999999,3.6,25.919999999999998,0.432
2026-10-07,2026-10-07 17:35:40,Almacén,Harina de maíz / Polenta,0.21,24.5,0.56,5.32,0.07
2026-10-07,2026-10-07 17:35:40,Almacén,Fideos secos,1.74,205.89999999999998,6.96,42.339999999999996,0.87
2026-10-07,2026-10-07 17:35:40,Frutas y Verduras,Papa blanca,6.51,173.60000000000002,4.34,39.059999999999995,0.217
2026-10-07,2026-10-07 17:35:40,Frutas y Verduras,Batata,0.51,14.62,0.272,3.4000000000000004,0.017
2026-10-07,2026-10-07 17:35:40,Frutas y Verduras,Cebolla,1.146,15.280000000000001,0.4202000000000001,3.438,0.038200000000000005
2026-10-07,2026-10-07 17:35:40,Frutas y Verduras,Tomate,1.146,6.876,0.34380000000000005,1.4898,0.07640000000000001
2026-10-07,2026-10-07 17:35:40,Frutas y Verduras,Zanahoria,1.146,15.662,0.34380000000000005,3.6672000000000002,0.07640000000000001
2026-10-07,2026-10-07 17:35:40,Frutas y Verduras,Zapallo,1.146,9.932,0.38200000000000006,2.483,0.038200000000000005
2026-10-07,2026-10-07 17:35:40,Frutas y Verduras,Acelga,1.146,7.258000000000001,0.6876000000000001,1.4134000000000002,0.07640000000000001
2026-10-07,2026-10-07 17:35:40,Frutas y Verduras,Manzana,1.2375,21.45,0.12375,5.692500000000001,0.0825
2026-10-07,2026-10-07 17:35:40,Frutas y Verduras,Naranja,1.2375,19.3875,0.37125,4.867500000000001,0.04125
2026-10-07,2026-10-07 17:35:40,Frutas y Verduras,Banana,1.2375,36.7125,0.45375000000000004,9.405000000000001,0.12375
2026-10-07,2026-10-07 17:35:40,Frutas y Verduras,Pera,1.2375,23.5125,0.165,6.1875,0.04125
2026-10-07,2026-10-07 17:35:40,Almacén,Azúcar,1.23,158.67000000000002,0.0,41.0,0.0
2026-10-07,2026-10-07 17:35:40,Almacén,Dulce de leche,0.11,11.549999999999999,0.25666666666666665,2.0166666666666666,0.25666666666666665
2026-10-07,2026-10-07 17:35:40,Almacén,Mermelada,0.11,9.533333333333333,0.018333333333333333,2.3833333333333333,0.0036666666666666666
2026-10-07,2026-10-07 17:35:40,Almacén,Dulce de batata,0.11,9.35,0.018333333333333333,2.31,0.0036666666666666666
2026-10-07,2026-10-07 17:35:40,Almacén,Lentejas,0.12,13.6,0.96,2.4,0.04
2026-10-07,2026-10-07 17:35:40,Almacén,Arvejas,0.12,13.6,0.88,2.4,0.048
2026-10-07,2026-10-07 17:35:40,Carnes,Asado,1.045,87.08333333333334,6.2700000000000005,0.0,6.966666666666668
2026-10-07,2026-10-07 17:35:40,Carnes,Carne picada,1.045,73.15,6.618333333333334,0.0,5.2250000000000005
2026-10-07,2026-10-07 17:35:40,Carnes,Paleta,1.045,59.21666666666667,6.966666666666668,0.0,3.483333333333334
2026-10-07,2026-10-07 17:35:40,Carnes,Nalga,1.045,48.766666666666666,7.315,0.0,1.741666666666667
2026-10-07,2026-10-07 17:35:40,Carnes,Pollo entero,1.045,74.89166666666667,6.2700000000000005,0.0,5.2250000000000005
2026-10-07,2026-10-07 17:35:40,Carnes,Pescado,1.045,31.35,6.2700000000000005,0.0,0.5225
2026-10-07,2026-10-07 17:35:40,Carnes,Hígado,0.27,12.15,1.8,0.34199999999999997,0.36
2026-10-07,2026-10-07 17:35:40,Carnes,Paleta cocida,0.03,1.3,0.18,0.02,0.06
2026-10-07,2026-10-07 17:35:40,Carnes,Salame,0.03,4.0,0.2,0.01,0.35
2026-10-07,2026-10-07 17:35:40,Lácteos y Huevos,Huevos (docena),0.6,30.0,2.5,0.13999999999999999,2.0
2026-10-07,2026-10-07 17:35:40,Lácteos y Huevos,Leche entera,9.27,185.4,9.579,14.523,9.27
2026-10-07,2026-10-07 17:35:40,Lácteos y Huevos,Queso cremoso,0.11,11.0,0.6599999999999999,0.05499999999999999,0.9166666666666666
2026-10-07,2026-10-07 17:35:40,Lácteos y Huevos,Queso cuartirolo,0.11,10.266666666666666,0.6966666666666667,0.05499999999999999,0.8066666666666666
2026-10-07,2026-10-07 17:35:40,Lácteos y Huevos,Queso de rallar,0.11,13.933333333333332,1.21,0.05499999999999999,0.99
2026-10-07,2026-10-07 17:35:40,Lácteos y Huevos,Yogur,0.57,12.35,0.608,1.71,0.47500000000000003
2026-10-07,2026-10-07 17:35:40,Lácteos y Huevos,Manteca,0.06,14.34,0.018000000000000002,0.002,1.62
2026-10-07,2026-10-07 17:35:40,Almacén,Aceite de girasol,1.2,353.6,0.0,0.0,40.0
2026-10-07,2026-10-07 17:35:40,Bebidas,Gaseosa,1.15,15.333333333333336,0.0,3.833333333333334,0.0
2026-10-07,2026-10-07 17:35:40,Bebidas,Jugo,1.15,13.416666666666666,0.0,3.45,0.0
2026-10-07,2026-10-07 17:35:40,Bebidas,Soda,1.15,0.0,0.0,0.0,0.0
2026-10-07,2026-10-07 17:35:40,Bebidas,Cerveza,0.54,7.74,0.09,0.6300000000000001,0.0
2026-10-07,2026-10-07 17:35:40,Bebidas,Vino,0.54,15.299999999999999,0.018000000000000002,0.45,0.0
2026-10-07,2026-10-07 17:35:40,Almacén,Sal fina,0.12,0.0,0.0,0.0,0.0
2026-10-07,2026-10-07 17:35:40,Almacén,Mayonesa,0.06,13.6,0.02,0.06,1.5
2026-10-07,2026-10-07 17:35:40,Almacén,Caldo en cubo / Polvo,0.06,5.0,0.2,0.5,0.2
2026-10-07,2026-10-07 17:35:40,Almacén,Vinagre,0.06,0.36,0.0,0.002,0.0
2026-10-07,2026-10-07 17:35:40,Almacén,Café,0.03,2.0,0.14,0.4,0.002
2026-10-07,2026-10-07 17:35:40,Almacén,Yerba mate,0.51,5.1,0.17,1.02,0.0
2026-10-08,2026-10-08 17:38:22,Panadería,Pan francés,6.75,596.25,20.25,123.75000000000001,2.7
2026-10-08,2026-10-08 17:38:22,Panadería,Galletitas de agua,0.42,58.800000000000004,1.33,9.520000000000001,1.68
2026-10-08,2026-10-08 17:38:22,Panadería,Galletitas dulces,0.21,31.5,0.455,5.04,1.05
2026-10-08,2026-10-08 17:38:22,Almacén,Arroz blanco,1.2,141.6,2.8000000000000003,31.200000000000003,0.24
2026-10-08,2026-10-08 17:38:22,Almacén,Harina de trigo 000,1.08,122.39999999999999,3.6,25.919999999999998,0.432
2026-10-08,2026-10-08 17:38:22,Almacén,Harina de maíz / Polenta,0.21,24.5,0.56,5.32,0.07
2026-10-08,2026-10-08 17:38:22,Almacén,Fideos secos,1.74,205.89999999999998,6.96,42.339999999999996,0.87
2026-10-08,2026-10-08 17:38:22,Frutas y Verduras,Papa blanca,6.51,173.60000000000002,4.34,39.059999999999995,0.217
2026-10-08,2026-10-08 17:38:22,Frutas y Verduras,Batata,0.51,14.62,0.272,3.4000000000000004,0.017
2026-10-08,2026-10-08 17:38:22,Frutas y Verduras,Cebolla,1.146,15.280000000000001,0.4202000000000001,3.438,0.038200000000000005
2026-10-08,2026-10-08 17:38:22,Frutas y Verduras,Tomate,1.146,6.876,0.34380000000000005,1.4898,0.07640000000000001
2026-10-08,2026-10-08 17:38:22,Frutas y Verduras,Zanahoria,1.146,15.662,0.34380000000000005,3.6672000000000002,0.07640000000000001
2026-10-08,2026-10-08 17:38:22,Frutas y Verduras,Zapallo,1.146,9.932,0.38200000000000006,2.483,0.038200000000000005
2026-10-08,2026-10-08 17:38:22,Frutas y Verduras,Acelga,1.146,7.258000000000001,0.6876000000000001,1.4134000000000002,0.07640000000000001
2026-10-08,2026-10-08 17:38:22,Frutas y Verduras,Manzana,1.2375,21.45,0.12375,5.692500000000001,0.0825
2026-10-08,2026-10-08 17:38:22,Frutas y Verduras,Naranja,1.2375,19.3875,0.37125,4.867500000000001,0.04125
2026-10-08,2026-10-08 17:38:22,Frutas y Verduras,Banana,1.2375,36.7125,0.45375000000000004,9.405000000000001,0.12375
2026-10-08,2026-10-08 17:38:22,Frutas y Verduras,Pera,1.2375,23.5125,0.165,6.1875,0.04125
2026-10-08,2026-10-08 17:38:22,Almacén,Azúcar,1.23,158.67000000000002,0.0,41.0,0.0
2026-10-08,2026-10-08 17:38:22,Almacén,Dulce de leche,0.11,11.549999999999999,0.25666666666666665,2.0166666666666666,0.25666666666666665
2026-10-08,2026-10-08 17:38:22,Almacén,Mermelada,0.11,9.533333333333333,0.018333333333333333,2.3833333333333333,0.0036666666666666666
2026-10-08,2026-10-08 17:38:22,Almacén,Dulce de batata,0.11,9.35,0.018333333333333333,2.31,0.0036666666666666666
2026-10-08,2026-10-08 17:38:22,Almacén,Lentejas,0.12,13.6,0.96,2.4,0.04
2026-10-08,2026-10-08 17:38:22,Almacén,Arvejas,0.12,13.6,0.88,2.4,0.048
2026-10-08,2026-10-08 17:38:22,Carnes,Asado,1.045,87.08333333333334,6.2700000000000005,0.0,6.966666666666668
2026-10-08,2026-10-08 17:38:22,Carnes,Carne picada,1.045,73.15,6.618333333333334,0.0,5.2250000000000005
2026-10-08,2026-10-08 17:38:22,Carnes,Paleta,1.045,59.21666666666667,6.966666666666668,0.0,3.483333333333334
2026-10-08,2026-10-08 17:38:22,Carnes,Nalga,1.045,48.766666666666666,7.315,0.0,1.741666666666667
2026-10-08,2026-10-08 17:38:22,Carnes,Pollo entero,1.045,74.89166666666667,6.2700000000000005,0.0,5.2250000000000005
2026-10-08,2026-10-08 17:38:22,Carnes,Pescado,1.045,31.35,6.2700000000000005,0.0,0.5225
2026-10-08,2026-10-08 17:38:22,Carnes,Hígado,0.27,12.15,1.8,0.34199999999999997,0.36
2026-10-08,2026-10-08 17:38:22,Carnes,Paleta cocida,0.03,1.3,0.18,0.02,0.06
2026-10-08,2026-10-08 17:38:22,Carnes,Salame,0.03,4.0,0.2,0.01,0.35
2026-10-08,2026-10-08 17:38:22,Lácteos y Huevos,Huevos (docena),0.6,30.0,2.5,0.13999999999999999,2.0
2026-10-08,2026-10-08 17:38:22,Lácteos y Huevos,Leche entera,9.27,185.4,9.579,14.523,9.27
2026-10-08,2026-10-08 17:38:22,Lácteos y Huevos,Queso cremoso,0.11,11.0,0.6599999999999999,0.05499999999999999,0.9166666666666666
2026-10-08,2026-10-08 17:38:22,Lácteos y Huevos,Queso cuartirolo,0.11,10.266666666666666,0.6966666666666667,0.05499999999999999,0.8066666666666666
2026-10-08,2026-10-08 17:38:22,Lácteos y Huevos,Queso de rallar,0.11,13.933333333333332,1.21,0.05499999999999999,0.99
2026-10-08,2026-10-08 17:38:22,Lácteos y Huevos,Yogur,0.57,12.35,0.608,1.71,0.47500000000000003
2026-10-08,2026-10-08 17:38:22,Lácteos y Huevos,Manteca,0.06,14.34,0.018000000000000002,0.002,1.62
2026-10-08,2026-10-08 17:38:22,Almacén,Aceite de girasol,1.2,353.6,0.0,0.0,40.0
2026-10-08,2026-10-08 17:38:22,Bebidas,Gaseosa,1.15,15.333333333333336,0.0,3.833333333333334,0.0
2026-10-08,2026-10-08 17:38:22,Bebidas,Jugo,1.15,13.416666666666666,0.0,3.45,0.0
2026-10-08,2026-10-08 17:38:22,Bebidas,Soda,1.15,0.0,0.0,0.0,0.0
2026-10-08,2026-10-08 17:38:22,Bebidas,Cerveza,0.54,7.74,0.09,0.6300000000000001,0.0
2026-10-08,2026-10-08 17:38:22,Bebidas,Vino,0.54,15.299999999999999,0.018000000000000002,0.45,0.0
2026-10-08,2026-10-08 17:38:22,Almacén,Sal fina,0.12,0.0,0.0,0.0,0.0
2026-10-08,2026-10-08 17:38:22,Almacén,Mayonesa,0.06,13.6,0.02,0.06,1.5
2026-10-08,2026-10-08 17:38:22,Almacén,Caldo en cubo / Polvo,0.06,5.0,0.2,0.5,0.2
2026-10-08,2026-10-08 17:38:22,Almacén,Vinagre,0.06,0.36,0.0,0.002,0.0
2026-10-08,2026-10-08 17:38:22,Almacén,Café,0.03,2.0,0.14,0.4,0.002
2026-10-08,2026-10-08 17:38:22,Almacén,Yerba mate,0.51,5.1,0.17,1.02,0.0
2026-10-09,2026-10-09 17:14:28,Panadería,Pan francés,6.75,596.25,20.25,123.75000000000001,2.7
2026-10-09,2026-10-09 17:14:28,Panadería,Galletitas de agua,0.42,58.800000000000004,1.33,9.520000000000001,1.68
2026-10-09,2026-10-09 17:14:28,Panadería,Galletitas dulces,0.21,31.5,0.455,5.04,1.05
2026-10-09,2026-10-09 17:14:28,Almacén,Arroz blanco,1.2,141.6,2.8000000000000003,31.200000000000003,0.24
2026-10-09,2026-10-09 17:14:28,Almacén,Harina de trigo 000,1.08,122.39999999999999,3.6,25.919999999999998,0.432
2026-10-09,2026-10-09 17:14:28,Almacén,Harina de maíz / Polenta,0.21,24.5,0.56,5.32,0.07
2026-10-09,2026-10-09 17:14:28,Almacén,Fideos secos,1.74,205.89999999999998,6.96,42.339999999999996,0.87
2026-10-09,2026-10-09 17:14:28,Frutas y Verduras,Papa blanca,6.51,173.60000000000002,4.34,39.059999999999995,0.217
2026-10-09,2026-10-09 17:14:28,Frutas y Verduras,Batata,0.51,14.62,0.272,3.4000000000000004,0.017
2026-10-09,2026-10-09 17:14:28,Frutas y Verduras,Cebolla,1.146,15.280000000000001,0.4202000000000001,3.438,0.038200000000000005
2026-10-09,2026-10-09 17:14:28,Frutas y Verduras,Tomate,1.146,6.876,0.34380000000000005,1.4898,0.07640000000000001
2026-10-09,2026-10-09 17:14:28,Frutas y Verduras,Zanahoria,1.146,15.662,0.34380000000000005,3.6672000000000002,0.07640000000000001
2026-10-09,2026-10-09 17:14:28,Frutas y Verduras,Zapallo,1.146,9.932,0.38200000000000006,2.483,0.038200000000000005
2026-10-09,2026-10-09 17:14:28,Frutas y Verduras,Acelga,1.146,7.258000000000001,0.6876000000000001,1.4134000000000002,0.07640000000000001
2026-10-09,2026-10-09 17:14:28,Frutas y Verduras,Manzana,1.2375,21.45,0.12375,5.692500000000001,0.0825
2026-10-09,2026-10-09 17:14:28,Frutas y Verduras,Naranja,1.2375,19.3875,0.37125,4.867500000000001,0.04125
2026-10-09,2026-10-09 17:14:28,Frutas y Verduras,Banana,1.2375,36.7125,0.45375000000000004,9.405000000000001,0.12375
2026-10-09,2026-10-09 17:14:28,Frutas y Verduras,Pera,1.2375,23.5125,0.165,6.1875,0.04125
2026-10-09,2026-10-09 17:14:28,Almacén,Azúcar,1.23,158.67000000000002,0.0,41.0,0.0
2026-10-09,2026-10-09 17:14:28,Almacén,Dulce de leche,0.11,11.549999999999999,0.25666666666666665,2.0166666666666666,0.25666666666666665
2026-10-09,2026-10-09 17:14:28,Almacén,Mermelada,0.11,9.533333333333333,0.018333333333333333,2.3833333333333333,0.0036666666666666666
2026-10-09,2026-10-09 17:14:28,Almacén,Dulce de batata,0.11,9.35,0.018333333333333333,2.31,0.0036666666666666666
2026-10-09,2026-10-09 17:14:28,Almacén,Lentejas,0.12,13.6,0.96,2.4,0.04
2026-10-09,2026-10-09 17:14:28,Almacén,Arvejas,0.12,13.6,0.88,2.4,0.048
2026-10-09,2026-10-09 17:14:28,Carnes,Asado,1.045,87.08333333333334,6.2700000000000005,0.0,6.966666666666668
2026-10-09,2026-10-09 17:14:28,Carnes,Carne picada,1.045,73.15,6.618333333333334,0.0,5.2250000000000005
2026-10-09,2026-10-09 17:14:28,Carnes,Paleta,1.045,59.21666666666667,6.966666666666668,0.0,3.483333333333334
2026-10-09,2026-10-09 17:14:28,Carnes,Nalga,1.045,48.766666666666666,7.315,0.0,1.741666666666667
2026-10-09,2026-10-09 17:14:28,Carnes,Pollo entero,1.045,74.89166666666667,6.2700000000000005,0.0,5.2250000000000005
2026-10-09,2026-10-09 17:14:28,Carnes,Pescado,1.045,31.35,6.2700000000000005,0.0,0.5225
2026-10-09,2026-10-09 17:14:28,Carnes,Hígado,0.27,12.15,1.8,0.34199999999999997,0.36
2026-10-09,2026-10-09 17:14:28,Carnes,Paleta cocida,0.03,1.3,0.18,0.02,0.06
2026-10-09,2026-10-09 17:14:28,Carnes,Salame,0.03,4.0,0.2,0.01,0.35
2026-10-09,2026-10-09 17:14:28,Lácteos y Huevos,Huevos (docena),0.6,30.0,2.5,0.13999999999999999,2.0
2026-10-09,2026-10-09 17:14:28,Lácteos y Huevos,Leche entera,9.27,185.4,9.579,14.523,9.27
2026-10-09,2026-10-09 17:14:28,Lácteos y Huevos,Queso cremoso,0.11,11.0,0.6599999999999999,0.05499999999999999,0.9166666666666666
2026-10-09,2026-10-09 17:14:28,Lácteos y Huevos,Queso cuartirolo,0.11,10.266666666666666,0.6966666666666667,0.05499999999999999,0.8066666666666666
2026-10-09,2026-10-09 17:14:28,Lácteos y Huevos,Queso de rallar,0.11,13.933333333333332,1.21,0.05499999999999999,0.99
2026-10-09,2026-10-09 17:14:28,Lácteos y Huevos,Yogur,0.57,12.35,0.608,1.71,0.47500000000000003
2026-10-09,2026-10-09 17:14:28,Lácteos y Huevos,Manteca,0.06,14.34,0.018000000000000002,0.002,1.62
2026-10-09,2026-10-09 17:14:28,Almacén,Aceite de girasol,1.2,353.6,0.0,0.0,40.0
2026-10-09,2026-10-09 17:14:28,Bebidas,Gaseosa,1.15,15.333333333333336,0.0,3.833333333333334,0.0
2026-10-09,2026-10-09 17:14:28,Bebidas,Jugo,1.15,13.416666666666666,0.0,3.45,0.0
2026-10-09,2026-10-09 17:14:28,Bebidas,Soda,1.15,0.0,0.0,0.0,0.0
2026-10-09,2026-10-09 17:14:28,Bebidas,Cerveza,0.54,7.74,0.09,0.6300000000000001,0.0
2026-10-09,2026-10-09 17:14:28,Bebidas,Vino,0.54,15.299999999999999,0.018000000000000002,0.45,0.0
2026-10-09,2026-10-09 17:14:28,Almacén,Sal fina,0.12,0.0,0.0,0.0,0.0
2026-10-09,2026-10-09 17:14:28,Almacén,Mayonesa,0.06,13.6,0.02,0.06,1.5
2026-10-09,2026-10-09 17:14:28,Almacén,Caldo en cubo / Polvo,0.06,5.0,0.2,0.5,0.2
2026-10-09,2026-10-09 17:14:28,Almacén,Vinagre,0.06,0.36,0.0,0.002,0.0
2026-10-09,2026-10-09 17:14:28,Almacén,Café,0.03,2.0,0.14,0.4,0.002
2026-10-09,2026-10-09 17:14:28,Almacén,Yerba mate,0.51,5.1,0.17,1.02,0.0
2026-10-10,2026-10-10 15:59:06,Panadería,Pan francés,6.75,596.25,20.25,123.75000000000001,2.7
2026-10-10,2026-10-10 15:59:06,Panadería,Galletitas de agua,0.42,58.800000000000004,1.33,9.520000000000001,1.68
2026-10-10,2026-10-10 15:59:06,Panadería,Galletitas dulces,0.21,31.5,0.455,5.04,1.05
2026-10-10,2026-10-10 15:59:06,Almacén,Arroz blanco,1.2,141.6,2.8000000000000003,31.200000000000003,0.24
2026-10-10,2026-10-10 15:59:06,Almacén,Harina de trigo 000,1.08,122.39999999999999,3.6,25.919999999999998,0.432
2026-10-10,2026-10-10 15:59:06,Almacén,Harina de maíz / Polenta,0.21,24.5,0.56,5.32,0.07
2026-10-10,2026-10-10 15:59:06,Almacén,Fideos secos,1.74,205.89999999999998,6.96,42.339999999999996,0.87
2026-10-10,2026-10-10 15:59:06,Frutas y Verduras,Papa blanca,6.51,173.60000000000002,4.34,39.059999999999995,0.217
2026-10-10,2026-10-10 15:59:06,Frutas y Verduras,Batata,0.51,14.62,0.272,3.4000000000000004,0.017
2026-10-10,2026-10-10 15:59:06,Frutas y Verduras,Cebolla,1.146,15.280000000000001,0.4202000000000001,3.438,0.038200000000000005
2026-10-10,2026-10-10 15:59:06,Frutas y Verduras,Tomate,1.146,6.876,0.34380000000000005,1.4898,0.07640000000000001
2026-10-10,2026-10-10 15:59:06,Frutas y Verduras,Zanahoria,1.146,15.662,0.34380000000000005,3.6672000000000002,0.07640000000000001
2026-10-10,2026-10-10 15:59:06,Frutas y Verduras,Zapallo,1.146,9.932,0.38200000000000006,2.483,0.038200000000000005
2026-10-10,2026-10-10 15:59:06,Frutas y Verduras,Acelga,1.146,7.258000000000001,0.6876000000000001,1.4134000000000002,0.07640000000000001
2026-10-10,2026-10-10 15:59:06,Frutas y Verduras,Manzana,1.2375,21.45,0.12375,5.692500000000001,0.0825
2026-10-10,2026-10-10 15:59:06,Frutas y Verduras,Naranja,1.2375,19.3875,0.37125,4.867500000000001,0.04125
2026-10-10,2026-10-10 15:59:06,Frutas y Verduras,Banana,1.2375,36.7125,0.45375000000000004,9.405000000000001,0.12375
2026-10-10,2026-10-10 15:59:06,Frutas y Verduras,Pera,1.2375,23.5125,0.165,6.1875,0.04125
2026-10-10,2026-10-10 15:59:06,Almacén,Azúcar,1.23,158.67000000000002,0.0,41.0,0.0
2026-10-10,2026-10-10 15:59:06,Almacén,Dulce de leche,0.11,11.549999999999999,0.25666666666666665,2.0166666666666666,0.25666666666666665
2026-10-10,2026-10-10 15:59:06,Almacén,Mermelada,0.11,9.533333333333333,0.018333333333333333,2.3833333333333333,0.0036666666666666666
2026-10-10,2026-10-10 15:59:06,Almacén,Dulce de batata,0.11,9.35,0.018333333333333333,2.31,0.0036666666666666666
2026-10-10,2026-10-10 15:59:06,Almacén,Lentejas,0.12,13.6,0.96,2.4,0.04
2026-10-10,2026-10-10 15:59:06,Almacén,Arvejas,0.12,13.6,0.88,2.4,0.048
2026-10-10,2026-10-10 15:59:06,Carnes,Asado,1.045,87.08333333333334,6.2700000000000005,0.0,6.966666666666668
2026-10-10,2026-10-10 15:59:06,Carnes,Carne picada,1.045,73.15,6.618333333333334,0.0,5.2250000000000005
2026-10-10,2026-10-10 15:59:06,Carnes,Paleta,1.045,59.21666666666667,6.966666666666668,0.0,3.483333333333334
2026-10-10,2026-10-10 15:59:06,Carnes,Nalga,1.045,48.766666666666666,7.315,0.0,1.741666666666667
2026-10-10,2026-10-10 15:59:06,Carnes,Pollo entero,1.045,74.89166666666667,6.2700000000000005,0.0,5.2250000000000005
2026-10-10,2026-10-10 15:59:06,Carnes,Pescado,1.045,31.35,6.2700000000000005,0.0,0.5225
2026-10-10,2026-10-10 15:59:06,Carnes,Hígado,0.27,12.15,1.8,0.34199999999999997,0.36
2026-10-10,2026-10-10 15:59:06,Carnes,Paleta cocida,0.03,1.3,0.18,0.02,0.06
2026-10-10,2026-10-10 15:59:06,Carnes,Salame,0.03,4.0,0.2,0.01,0.35
2026-10-10,2026-10-10 15:59:06,Lácteos y Huevos,Huevos (docena),0.6,30.0,2.5,0.13999999999999999,2.0
2026-10-10,2026-10-10 15:59:06,Lácteos y Huevos,Leche entera,9.27,185.4,9.579,14.523,9.27
2026-10-10,2026-10-10 15:59:06,Lácteos y Huevos,Queso cremoso,0.11,11.0,0.6599999999999999,0.05499999999999999,0.9166666666666666
2026-10-10,2026-10-10 15:59:06,Lácteos y Huevos,Queso cuartirolo,0.11,10.266666666666666,0.6966666666666667,0.05499999999999999,0.8066666666666666
2026-10-10,2026-10-10 15:59:06,Lácteos y Huevos,Queso de rallar,0.11,13.933333333333332,1.21,0.05499999999999999,0.99
2026-10-10,2026-10-10 15:59:06,Lácteos y Huevos,Yogur,0.57,12.35,0.608,1.71,0.47500000000000003
2026-10-10,2026-10-10 15:59:06,Lácteos y Huevos,Manteca,0.06,14.34,0.018000000000000002,0.002,1.62
2026-10-10,2026-10-10 15:59:06,Almacén,Aceite de girasol,1.2,353.6,0.0,0.0,40.0
2026-10-10,2026-10-10 15:59:06,Bebidas,Gaseosa,1.15,15.333333333333336,0.0,3.833333333333334,0.0
2026-10-10,2026-10-10 15:59:06,Bebidas,Jugo,1.15,13.416666666666666,0.0,3.45,0.0
2026-10-10,2026-10-10 15:59:06,Bebidas,Soda,1.15,0.0,0.0,0.0,0.0
2026-10-10,2026-10-10 15:59:06,Bebidas,Cerveza,0.54,7.74,0.09,0.6300000000000001,0.0
2026-10-10,2026-10-10 15:59:06,Bebidas,Vino,0.54,15.299999999999999,0.018000000000000002,0.45,0.0
2026-10-10,2026-10-10 15:59:06,Almacén,Sal fina,0.12,0.0,0.0,0.0,0.0
2026-10-10,2026-10-10 15:59:06,Almacén,Mayonesa,0.06,13.6,0.02,0.06,1.5
2026-10-10,2026-10-10 15:59:06,Almacén,Caldo en cubo / Polvo,0.06,5.0,0.2,0.5,0.2
2026-10-10,2026-10-10 15:59:06,Almacén,Vinagre,0.06,0.36,0.0,0.002,0.0
2026-10-10,2026-10-10 15:59:06,Almacén,Café,0.03,2.0,0.14,0.4,0.002
2026-10-10,2026-10-10 15:59:06,Almacén,Yerba mate,0.51,5.1,0.17,1.02,0.0
